Public Key at Genesis,Olympia Address,Name,Babylon Address,Stake at migration time
03f5bbbde7ff5218c3a698d26c6b0bbd8cf13bda824a6a0db6b7370ac0d0c1ff50,rv1q06mh008lafp3saxnrfxc6cthkx0zw76sf9x5rdkkums4sxsc8l4qjuczrq,🥇 XIDAR,validator_rdx1s0g5uuw3a7ad7akueetzq5lpejzp9uw5glv2qnflvymgendvepgduj,"115,270,039.27"
02edfa8d463eb13a4f9221bd89b743e068bb718cdf8000bc983774943155d5b4dd,rv1qtkl4r2x86cn5nujyx7cnd6rup5tkuvvm7qqp0ycxa6fgv246k6d6nrq0kz,🎠 Forbole,validator_rdx1swkmn6yvrqjzpaytvug5fp0gzfy9zdzq7j7nlxe8wgjpg76vdcma8p,"103,017,945.04"
0289ddb61551c3c9fb24e6925c96b9860535b9dfac15ba5927c80b7a7ff1c58b2c,rv1q2yamds428pun7eyu6f9e94esczntwwl4s2m5kf8eq9h5ll3ck9jc0537gm,Jazzer 🌍 DefiPlaza,validator_rdx1s0lz5v68gtqwswu7lrx9yrjte4ts0l2saphmplsz68nsv2aux0xvfq,"100,830,283.57"
03fc298f428f6b9171878824b515720e8331ec70de8c7da0d5bdd1238ba87105e6,rv1q07znr6z3a4ezuv83qjt29tjp6pnrmrsm6x8mgx4hhgj8zagwyz7v4crd6d,🔒✅ TopRadixNode | Impahla DAO official partner,validator_rdx1svvnmmgdr6sl7llxc8sdu32ys7tn8v6k8quh7e6m6ec83fr3pf6d04,"100,650,317.56"
029eb3412ed4d0b1d4e461fd60cc58fbbbb00e3f9ef6e8d81b71c74a1076af6984,rv1q20txsfw6ngtr48yv87kpnzclwamqr3lnmmw3kqmw8r55yrk4a5cgpc4ce2,🔥 RADNODE,validator_rdx1sw5zkx2h6hp6k0js6dqaaxpz4580awncmm0rlzv7ufcf97cukjegy8,"99,121,750.80"
03809894317f934391faccb2e4b844e100dd1db9985b68b021f0e0cd8170c3ecdb,rv1qwqf39p307f58y06ejewfwzyuyqd68denpdk3vpp7rsvmqtsc0kdkhq64gc,💲 Radical Staking 💲,validator_rdx1sdzyh7reza3k7y9cyu93ghnak2n89uhugwc072kxrl7unsxgsacx8j,"96,571,630.41"
02f9e1a927503620de087537c44582366624b877091251cbb4c582ab3f58ed1bce,rv1qtu7r2f82qmzphsgw5mug3vzxenzfwrhpyf9rja5ckp2k06ca5duu63guaa,🐱 Ocinode,validator_rdx1s0quzpxcnvh2h7ua2rq6ds0nka3z05kfpz3eventwpamve22uxjdxj,"91,169,249.65"
02423584aa53e0e2202dfca832126c08631a4e108e3fffa5b111773668dd9b3d86,rv1qfprtp9220swygpdlj5ryynvpp335nss3clllfd3z9mnv6xanv7cv7jx6vs,Caesar Node - 9% fixed,validator_rdx1s08twr4tpfkxy5sy5e4yaz38uhgdcu3gjyzuexaheqq6mqxsjx7440,"86,143,265.11"
02fdf0847ea8c3de236122460a60043f459b1ce5517abc88e632bae5323dcd4750,rv1qt7lppr74rpaugmpyfrq5cqy8azek88929atez8xx2aw2v3ae4r4qx6dya4,BCW Technologies,validator_rdx1sv2rav2zqvufxs9dk5yu92t00ncrcw3dfu64pxxz29vvq3tj4fem2p,"82,916,620.03"
02d5b0b8b2a759479f2a4fa80504d793ebba3bb91b699ea5036b2dd0f4c68b1ee3,rv1qt2mpw9j5av508e2f75q2pxhj04m5waerd5eafgrdvkapaxx3v0wxt36584,Supreme Stake,validator_rdx1svug50cdlalm6plazajrmntf209j5azf57xeukuhx2hw7e7ut5mmz8,"78,692,031.12"
028c5249e7a7d07076cefdb1253326732eaea293be80b4addac1465ba262a73c43,rv1q2x9yj085lg8qakwlkcj2vexwvh2ag5nh6qtftw6c9r9hgnz5u7yxq0n2ar,Cobra Stakes,validator_rdx1swq3mn0u9qf68j6g3nugw3udakecggfgpu9e4yphe2rcqc32aavw9t,"74,008,595.55"
03a4814ed3209f9abe69468a4a522364507a3b41c52c44cfdac58762101fab307d,rv1qwjgznknyz0e40nfg69y553rv3g85w6pc5kyfn76ckrkyyql4vc863xcfut,✔️RadixStake,validator_rdx1svlpfx0kxp5yk7h8dqrd8uzqtm7dkd0mlmerq6xsy3rng84d4wqnmv,"70,425,223.49"
03ebca09cb425300598379cc0de981dc50e35ebc0397209a81afb2e7edec3ee828,rv1q04u5zwtgffsqkvr08xqm6vpm3gwxh4uqwtjpx5p47ew0m0v8m5zs3m3jed,RadixPool,validator_rdx1sw5va0gazh39jypat3t55vjskc90v93c558ef9c6pjkrctx8quzh6d,"66,899,761.47"
02c9c5e20a5dfa0ed5a056cb427ff7e037b87a8651333ec6fcbebd43852dbcac38,rv1qtyutcs2thaqa4dq2m95yllhuqmms75x2yena3huh6758pfdhjkrsrvqvu3,ETHEREALDAO,validator_rdx1s0cdlvk5wpgklxnkap05jvgdskpa54yyfu232tfu5s65n7ya6mxhlg,"64,928,412.93"
029327a91cef16ab3d2c34a6887bccfa465da476f3372d598952ace07b0e71e959,rv1q2fj02guaut2k0fvxjngs77vlfr9mfrk7vmj6kvf22kwq7cww854jgjkhvf,sky-wave1,validator_rdx1sdxknlqv5cj55uj0e9dqc9aszy552hvsgqs5jaln4nzx9fvr92r87d,"62,142,789.46"
0251f2e00d3e0746a6954f6ffb38b90999bffde4673136b16f22d6f59663db2111,rv1qfgl9cqd8cr5df54fahlkw9epxvmll0yvucndvt0ytt0t9nrmvs3zqeu75q,sky-wave2,validator_rdx1svenyxdrq8s348pmfjj6lk7d43l32e2rsh47q6qzx5a0gxze3m8q5h,"62,001,012.63"
0315f9283e6835377ecc7d31c0ea8ae3afb88c4aa92a3caa48878c2857900ccf7b,rv1qv2lj2p7dq6nwlkv05cup652uwhm3rz24y4re2jgs7xzs4uspn8hkrc7yh8,Astrolescent,validator_rdx1sw54cuswwzlcgw2zh3ax93pddnsm78qwwhmtvz650q84yyckzkh7nk,"61,430,483.70"
03d8778d2887da688ad048b83e6da9a223c81cdd2c0964c52dcb1631d29efa07b9,rv1q0v80rfgsldx3zksfzurumdf5g3us8xa9sykf3fdevtrr557lgrmjv2cft5,StakeSafe Amsterdam,validator_rdx1s066xuq885l0mttgmx4ptflte6fepkt0c06mqnqtdgajj4mcwh70q4,"60,017,896.23"
02f71520746dae8dca5bb9a75893b7d12854d266d0191356b641dfb5f7a94b225e,rv1qtm32gr5dkhgmjjmhxn43yah6y59f5nx6qv3x44kg80mtaaffv39u9tylpu,Staatenlos Node 🌍,validator_rdx1svpqafv4te3qtfhux5yxv2vyv95mp866dp9xpe28v0pvvwzhrk4vyz,"58,447,302.49"
02e51133875afa3d6ffc76802fa794dce400e60ec4a0ff749df90d544b35712a67,rv1qtj3zvu8ttar6mluw6qzlfu5mnjqpeswcjs07ayalyx4gje4wy4xwq85hhs,🏛️ Delphinode 🔥,validator_rdx1svkch0tjam57zrs72hu7gc2z93vaq5raqsg0z3vwqz6v46mc7rxtuz,"58,345,649.56"
0284914a7f213731c93762ad7cb1b110334d1b7e2f21e5160c48be02ca2e67b754,rv1q2zfzjnlyymnrjfhv2khevd3zqe56xm79us729svfzlq9j3wv7m4gge88rn,Faucet,validator_rdx1svr8rj5vsgpdlv5v39yq4zc9ummsgjqlsrrnmd09hwh0uwuhgg2ta7,"56,692,532.45"
020d38e73f6ca31b34a7bf74eb4916adbde168db7b59edba63b65369cb00832fce,rv1qgxn3eeldj33kd98ha6wkjgk4k77z6xm0dv7mwnrkefknjcqsvhuu30c6hh,Radix Foundation ap-southeast-2 node0 mainnet,validator_rdx1sdcmd3ymwzvswgyva8lpknqrzuzzmmkac9my4auk29j5feumfh77fs,"56,681,164.66"
02546d4406ac9bd348f1b59ca21179bb19be686a37ff44603ac147d9e3634c1097,rv1qf2x63qx4jdaxj83kkw2yytehvvmu6r2xll5gcp6c9rancmrfsgfwttnczx,Radix Foundation eu-west-1 node0 mainnet,validator_rdx1sd5368vqdmjk0y2w7ymdts02cz9c52858gpyny56xdvzuheepdeyy0,"56,676,674.60"
038639dc49e14a94448045a3c595996282d8419eb9ae949dfb84b7bc48ba3d4fee,rv1qwrrnhzfu99fg3yqgk3ut9vev2pdssv7hxhff80msjmmcj968487uc0c0nc,Radix Foundation ap-south-1 node0 mainnet,validator_rdx1sw5rrhkxs65kl9xcxu7t9yu3k8ptscjwamum4phclk297j6r28g8kd,"56,675,527.14"
03d13db98f4ef01f670078a694f8821afc843861afa1d28610411839ffd45b0db6,rv1q0gnmwv0fmcp7ecq0znff7yzrt7ggwrp47sa9pssgyvrnl75tvxmvke8uxe,Radix Foundation us-east-1 node0 mainnet,validator_rdx1sd4eq4vvnrmtxy0l4wxaykugwjmyflnnkn4sz3p9jv79ac2sv5sh88,"56,669,334.19"
02556731181d8bd3bdf83c50178294ae67ee806f4d705f12f3a832e731d844b387,rv1qf2kwvgcrk9a800c83gp0q554en7aqr0f4c97yhn4qewwvwcgjecw79h7va,radvoter,validator_rdx1swtv0s6ryf8rdce5zkml450ch23rzww9ajquz3p4lr3e87asq5sa94,"56,186,924.74"
0381c001e4c3b1c492d764c64362e9cce7a1ed447b47bc6c91f99de540e127ae5f,rv1qwquqq0ycwcufykhvnryxchfenn6rm2y0drmcmy3lxw72s8py7h97w53gdx,Investment DAO,validator_rdx1swh0w4fyck29xfpq3e422jlvgmltrl4g5mh3l3j99s3lf4gz4tywk5,"54,135,538.10"
035efd3e59914cfe06c1d25a3cb66c3e16a231a9511a6dd3a55973dd45617971ae,rv1qd0060jej9x0upkp6fdrednv8ct2yvdf2ydxm5a9t9ea63tp09c6u0ev6t8,🧛 ‍RadixStaker 🧛‍ - Stake the vampire!,validator_rdx1s0u9v6a4n2q7cvjkmgq0wnl8gml8c3purzdqg2cwdah2l4g086xzw4,"53,039,263.67"
022deec3bf6677a23f5d84cce59c6833e8867cac10fed9da1767571e1206dd8c54,rv1qgk7asalvem6y06asnxwt8rgx05gvl9vzrldnkshvat3uysxmkx9gmkv7y2,ITS Australia,validator_rdx1sv559zk2z927wmc9464kypyjltjrhelcmrx8486x37sv6xartj5x8h,"51,708,107.26"
03014685235e6a5fc6ed10ba34af70066401262d3b4d31994b1370ffcb0341cfc6,rv1qvq5dpfrte49l3hdzzarftmsqejqzf3d8dxnrx2tzdc0ljcrg88uvnlvpau,🇳🇴 StakeNordic.com,validator_rdx1swffjvsu78ej866pnd89yhv5ragthk67whp68fyw9eudt4fsxjdua6,"50,416,161.99"
0373460fe38e5acfa6480474b1efa14727bc8f9ee98aa14e6ddbbaf911cca6d789,rv1qde5vrlr3edvlfjgq36trmapgunmeru7ax92znndmwa0jywv5mtcj69d0yg,Luganodes,validator_rdx1s0fsq205yuxukmpdrcaxqueq3phzknpvwahkskjvz69atk2c08f07d,"49,758,534.53"
024d65bac02f76dbebc7c1924989751679d52ed73ce635e2415f924fbffbe1c71e,rv1qfxktwkq9amdh678cxfynzt4zeua2tkh8nnrtcjpt7fyl0lmu8r3urllukm,🚀 Florian Pieper Staking,validator_rdx1sdcheqrngr92u8mkd7pvu57grys54q3mkl4cvcc7nj92kk3n56up6s,"48,024,951.77"
03436a76c9938801b7684c7a153658233a9e019dccc92e6d2055eeb5658a97f143,rv1qdpk5akfjwyqrdmgf3ap2djcyvafuqvaenyjumfq2hht2ev2jlc5x6sjfzf,➕radix.plus➕,validator_rdx1sdh43pkyltan8qucr0xh928mdkz3fgyeehajnqxxnhhz9ux8gp74k0,"47,394,956.61"
021da3d816192e83330c0beae4c20fb7b5061ac06444c4d3c3c3076e09bfe70bd2,rv1qgw68kqkryhgxvcvp04wfss0k76svxkqv3zvf57rcvrkuzdluu9ay4snzxc,🇨🇭 RadixDLT Staking,validator_rdx1svm98ppmxzft82lykaeudwp3z562dlqk692ws5us5a8lr78ux3v8kr,"46,750,050.66"
03fc52f8604ae97362910e87a827d6b388d9802a8a9f35dfd2efacbb303b30f4cb,rv1q07997rqft5hxc53p6r6sf7kkwydnqp2320nth7ja7ktkvpmxr6vkhu48se,Community Council Node,validator_rdx1svheuuvqlmp4l2mhx99m7xldk8tk2lu8kfjgdvxaes9xevpuww63se,"46,631,974.87"
034c8a8fdcf83905b7907aac7ca2d99a5d69fd86856fb51279d86969889643aea3,rv1qdxg4r7ulqustdus02k8egkenfwknlvxs4hm2ynemp5knzykgwh2xfa53at,StakeSafe Rotterdam,validator_rdx1s048k34ctk3m57gumema2e5jmhfxhdryyr5hq42xa9q59pvn8lezg8,"44,245,502.34"
034aefe35a68a109d84e9755b1ccd06e442b6cc87bcc010ed3abe2510517ec9e38,rv1qd9wlc66dzssnkzwja2mrnxsdezzkmxg00xqzrkn4039zpghaj0rs43mz63,🐶 DogeCube,validator_rdx1s0kpu7dq8nugrcvc6u3vnl9rhntzxyck0k3r5ze67r5knk4auxaq69,"38,088,309.17"
0353716c886299b37315f3d415ac61b642f65b0fd775517f33db3929a88c02b912,rv1qdfhzmygv2vmxuc4702pttrpkep0vkc06a64zlenmvujn2yvq2u3y93e8ky,🌐 CaviarNine-Singapore,validator_rdx1sd8c8v9tffjtgqtuzygnctrmyfnhkd63avcgpzuknx3dlklds85rkv,"37,660,005.96"
02395e7fcab8f6e1cc5f4ab7d162c8e1dbf006f7cea2d8e71aa804d5c7b46c9cdf,rv1qgu4ul72hrmwrnzlf2mazckgu8dlqphhe63d3ec64qzdt3a5djwd7t5hy6t,🐸 /biz/,validator_rdx1s0kenl8rwh8e0qxpfrxhw7ry3uzl5x7gsu2ur7jfg6ec4sluk5gv05,"36,091,953.15"
032423e80eefbe7790ecba797168b4f62fa5e4cdd86c538d0a42fb6b8dfd676759,rv1qvjz86qwa7l80y8vhfuhz6957ch6texdmpk98rg2gtakhr0avan4jplkxy7,🍕 MattiaNode (🇮🇹 ♥ 🇺🇦),validator_rdx1s0qzv2vmxydpnglk36mczrdwczpsskuzek2cs5nnld6j533rzatmln,"34,829,669.01"
0298ebea0dcfb6cd3fc969bb1b908659239ffae7f3e9ec1a205c07ec90d02fbfa6,rv1q2vwh6sde7mv607fdxa3hyyxty3el7h87057cx3qtsr7eyxs97l6v3m5vh2,🌊 Sealnode 🌊,validator_rdx1swnhuz9mqm6s7kkdjzxcgnavknltczrw9lr2m9pkfddh0hzg3dwt2f,"30,456,863.46"
021079a9276b469c50aaf0e5778c96b395ba7420b75da0e2065ec56abcfaeffde6,rv1qgg8n2f8ddrfc5927rjh0rykkw2m5apqkaw6pcsxtmzk4086al77vs3rtxh,--KaiYuan Epoch--,validator_rdx1sweyknyzw9lzh6hdjeq2avh9gg5g6l7dd8he77khnv76ac8ut84hq4,"30,314,037.29"
028a146adf3bf758ddfbcbae771c499de61451f9887eeee4c0328ac02a1d64a62b,rv1q29pg6kl80m43h0mewh8w8zfnhnpg50e3plwaexqx29vq2savjnzkdn89kp,🌐 CaviarNine-India,validator_rdx1sv7zpyuj27ycmcsnw0de94j2rp93csq6gvcm4dl4yh4p4fxv9j5pqx,"28,732,308.30"
0211d37a0daf64cae8b11222924c1f20b8b7146e25b403b58282464dff52b69a60,rv1qggax7sd4ajv4693zg3fynqlyzutw9rwyk6q8dvzsfryml6jk6dxq2uz82c,🍼 Mleekko Staking,validator_rdx1s002geu08u94z4unkjvhlvyhs0dzj0glq82t6mhhvmahh3w0gerqyh,"27,141,624.68"
03a43b8295bf2aa8b918fe64b3692f0fae0ca2d8fb88eedc5463364246c057d0c8,rv1qwjrhq54hu423wgclejtx6f0p7hqegkclwywahz5vvmyy3kq2lgvsxnp72q,🧨 AcmeNodes,validator_rdx1sw3vpmmyykrc9vk8xp9hk4595d0qv9q8pmm2pkursum65r67gsrwwq,"25,742,374.47"
0242103196c13f46b559ce9c3afe41f58c377f32382ab6d30daa038d3804f816a5,rv1qfppqvvkcyl5dd2ee6wr4ljp7kxrwlej8q4td5cd4gpc6wqylqt22wljdq5,🪐RadixPlanet,validator_rdx1swslug7tu9rgww8zdd0x8htptzgw92vx9606lx2ptdm9wsdam8uvxq,"25,474,395.07"
02640c838af31463ce1da0b1cd8d29b492f4a0eebfa35adfdc803ba1b6c35740bb,rv1qfjqequ27v2x8nsa5zcumrffkjf0fg8wh7344h7usqa6rdkr2aqtk4daacw,Juicy Stake,validator_rdx1s0tkjt8mureaw3kkfl3900law5tnrlg3wte9f4vlaruxe4nfjzdam7,"24,599,346.83"
034daa04ca41651430bb01d8e7af4f7bc5c65c8dda16bbb644496d09ef9abaf435,rv1qdx65px2g9j3gv9mq8vw0t6000zuvhydmgtthdjyf9ksnmu6ht6r2zaeq0f,⚡️Allnodes.com,validator_rdx1s0v38ep79xx6y7cv86afuqw3z2sd074sldcvrld4lefw3fagvjdhnm,"23,629,068.81"
03fc2e67ae9c538978b30a4e708dc04ba71bc394ce9e375e895fb4b60711d628ae,rv1q07zueawn3fcj79npf88prwqfwn3hsu5e60rwh5ft76tvpc36c52unus0pt,RadixStaking.com,validator_rdx1s0phwevr0tcenaaptx4ecmduw8zy8yv449vzmktw2wk2x8r47vfnf0,"23,452,411.99"
021447b6abef0fe9da29e6a4f48f0efd498d2f6ebf98de27fb0964cc14e57677f9,rv1qg2y0d4tau87nk3fu6j0frcwl4yc6tmwh7vduflmp9jvc989wemljtzd4sd,Apollo Pool,validator_rdx1s0txh4cx4nd7eh5nsxyt7h7njja5galwj602x57e9r2dszv6h2aahj,"22,502,462.86"
022091dd4e1a0711e4a85f9db8323683888ee13fdb0845688c3cfee702c1204952,rv1qgsfrh2wrgr3re9gt7wmsv3kswygacflmvyy26yv8nlwwqkpypy4yvj00p6,Radix Exchange,validator_rdx1sd0s8g47y6w37dezandh2re9d4h7v252hq5a2kwj0swk0s7kkc2dkt,"21,507,910.40"
02e04fbc1e9fdfaaa9a12cf370d29e2e31f858c8d33cf206e4a3b09307724831ad,rv1qtsyl0q7nl0642dp9nehp5579cclskxg6v70yphy5wcfxpmjfqc66s4l9md,✅ CryptoCrew Validators 0% fee for 2023,validator_rdx1sdk493n96m2v8t0st6hgrdmdua8y6kp84lcwv35qr7umvj7ar4x3e8,"21,209,462.93"
03d37e643f4211a2e48732bbe2095fe34a02d9e28a760b2f9ab41d64aaa3684894,rv1q0fhueplggg69ey8x2a7yz2lud9q9k0z3fmqktu6kswkf24rdpyfglsdysl,VanillaShades,validator_rdx1svstwumv0nag4p9wmefdhfgrgpx8tc57w35q9ae39yhz02rv88ttjp,"21,089,445.50"
02b58113e6cc0c66a8b5b3c6bbd7d84e41f40f76cc89301cb8017412dd845e9413,rv1q26czylxesxxd294k0rth47cfeqlgrmkejynq89cq96p9hvyt62pxyn3ycw,radix.stake.fun,validator_rdx1sdauznj9luja8v7vd4jndmlp449tcr9qxkx6fkm87lxkn0lq6m9mn0,"20,889,719.11"
03f307f7fb3b2dc7401ad709ecff15478ddfea611a871ed01aec1f5572be7d664e,rv1q0es0alm8vkuwsq66uy7elc4g7xal6npr2r3a5q6as042u4704nyuw8sdzs,Trust Staking,validator_rdx1s0sh920quwrqqrhev5yzm6yqxzmn09gcf6cdr3y8yvn2ws6chdha53,"20,755,378.13"
035d758e1f3d73efe220690db225894a2d1bec714f92f733205e0674c60c81a541,rv1qdwhtrsl84e7lc3qdyxmyfvffgk3hmr3f7f0wveqtcr8f3svsxj5zq9czkr,akond,validator_rdx1swyv9xgmn7esfjnkewch6rqh0h6kxalkty6aer63mvqgt2qzg47ka7,"20,567,476.43"
03675dbafd1f6f4c45d483aa2493a86592b1cabe1f1dd5c923d0943f076cb539ce,rv1qdn4mwharah5c3w5sw4zfyagvkftrj47ruwatjfr6z2r7pmvk5uuu84j45v,⏩ Avaunt Staking ⏩ https://radixdashboard.com,validator_rdx1sd9uhhpml8vjz8uz0tut9jzv2mx326jdusfxjpccccj2904s8ndhqq,"19,835,166.22"
023a95fc4169bbdc3232da5e62b3e4847a17ee684e7a74432d0deb8b749d7a019d,rv1qgaftlzpdxaacv3jmf0x9vlys3ap0mngfea8gsedph4ckaya0gqe6h9mv6f,✅RadCrew,validator_rdx1sde3jp4g6ldh2mg4af0v0sq3c8en4agk3p7p63zcv58l5h05sej4kh,"19,687,831.71"
020aa8dffe4f954c41faca288db704a852c0f4fb4ce5876b4558fa0e4947c1742a,rv1qg923hl7f725cs06eg5gmdcy4pfvpa8mfnjcw669traquj28c96z5w0rld0,Ideomaker Europe,validator_rdx1svfawmdwc77092hzhd6rzlay0tg4g8dw2sd37mu7skaqjlsq624rfa,"19,656,475.58"
0276bb8ddb0f185765cea228a28ad7aa72f03452c0da8b8d171a944da67b11569a,rv1qfmthrwmpuv9weww5g529zkh4fe0qdzjcrdghrghr22ymfnmz9tf5wg5ccy,RadixOz,validator_rdx1swqzqfll4r6h45e6rxx7p45vk9nn74mk0zlts4r3td2fj85kaekq0t,"19,165,928.62"
039ed60da6f03db1d92f2a0af754abd583c6d4284aab809b425dc33367dd3ee129,rv1qw0dvrdx7q7mrkf09g90w49t6kpud4pgf24cpx6zthpnxe7a8msjjkmavdd,Radix Pay,validator_rdx1sv856az023f380u0gzezaf50djcvcmpzf4ntv5au9xzt68sqjra7n3,"19,051,641.08"
039efcb49b59cdec5f518579624f08069081aac3837e446862a234242ebda809dc,rv1qw00edymt8x7ch63s4ukyncgq6ggr2krsdlyg6rz5g6zgt4a4qyacl2a5hy,🍀 Lucky8xrd.com - Stake & Win - Lossless Lottery 🍀,validator_rdx1sw2qt9k0placmjgwku2kvk66c2v8v0f9ny2fkvzhsh7wwzey6g7zam,"18,334,342.01"
037eaef440b793824df23d094db359161418a652e9e59d156069b49485c648a0bd,rv1qdl2aazqk7fcyn0j85y5mv6ezc2p3fjja8je69tqdx6ffpwxfzst6he6erm,Emmoglu 🇧🇷 | 🇦🇹 Radixscan,validator_rdx1sd3m2lhf6ts8au09haxq69v7sg02fktpjn33w9krz0gvjadawp3y6x,"17,367,258.07"
0296e1400ac81a5caebf9dfd5a59e3f5f200a9aadf654f42f4cc1d250da3964caa,rv1q2twzsq2eqd9et4lnh745k0r7heqp2d2maj57sh5eswj2rdrjex250d832l,RadUp.io 🈺,validator_rdx1s0drhvkx30k62zu0usnzxzwuh0qcsqwlc2n2kfyexlyghqpctuy2fx,"15,734,199.96"
0344895ca76d77931378a955901d4276e01ddcbbf8aae0220e5f6b2c75cf9cddc9,rv1qdzgjh98d4mexymc492eq82zwmspmh9mlz4wqgswta4jcaw0nnwuj53mj5w,√Radstakes,validator_rdx1sds4prpgf0p25pu458fg468nw9rtwqdawwg9w45hgf0t95yd3ncs09,"15,124,423.24"
02c018ec5ab9d71343fba85a0a575a94903f2dbff7a941602ed70a4adb5b18a2e2,rv1qtqp3mz6h8t3xslm4pdq5466jjgr7tdl7755zcpw6u9y4k6mrz3wyqvh992,Krulknul,validator_rdx1swzn5hvtut6yq0zxqqsa0wk4rnkfd8wewvnphzrckau22pun2lv86t,"14,000,304.49"
02745491e82f0cad977b21141c7647b025daa0e81dcf852afd0538fd52830e6c97,rv1qf69fy0g9ux2m9mmyy2pcaj8kqja4g8grh8c22haq5u0655rpekfwzma94h,️💥 AmazingStake 🇺🇸 US,validator_rdx1s007thnssqwg0pa332ynxmyvremuvv9uuggnmm6y6qgj0nez5fjnx9,"13,594,944.06"
02c5fe0408bc88c6c0319cdf80d9acdac69cfbb83e05cd8683d5d1b78e7fbb0539,rv1qtzlupqghjyvdsp3nn0cpkdvmtrfe7ac8czump5r6hgm0rnlhvznj88xw7a,Radix Logical Moon,validator_rdx1svn4a93yzac2wlg6hv5qhptqsuqjkd5np4avm95ygfhqftk4rf93pt,"13,402,923.79"
02361237094a0840be6065d981533b108585d86c95e81cd07feb2fea592f947bb3,rv1qgmpydcffgyyp0nqvhvcz5emzzzctkrvjh5pe5rlavh75kf0j3amxyt9urf,RV ONLINE,validator_rdx1s0yv2n460xdkefxlqrze4afgclfsq4akwz9em8nshjcga8ntemmkga,"13,331,746.64"
03f52a61db9ef4fcb85f14881a79fec9d3bda608454093804a79a6d85246259efd,rv1q06j5cwmnm60ewzlzjyp5707e8fmmfsgg4qf8qz20xnds5jxyk006ay7gav,Radix Denmark 🇩🇰,validator_rdx1sdy4cz4jp2jzrzu37rlmr8sdenevgtly7p0wx5erc5sfkh65c4j0c3,"13,319,300.55"
0384937dcfdc2961ebb19052c7ea3c0169189956e9e7314410de9c4787098c8f89,rv1qwzfxlw0ms5kr6a3jpfv063uq9533x2ka8nnz3qsm6wy0pcf3j8cjyglpnz,Pica Finance - 0% fee promotion,validator_rdx1swqnvclxd9j8z937zr9y4hvjecex7235dz00xezejtuc3wg7j2rxrh,"13,081,613.29"
03ff1f05842d5541da077f069a387791b8844e4743aa87832fe0834ca19f0c9847,rv1q0l37pvy9425rks80urf5wrhjxuggnj8gw4g0qe0uzp5egvlpjvyw346sur,Noptera 🇪🇪,validator_rdx1sdvcfj2tcg8cjtqzymmqukdt2ue9qpqmfq8hl7zx00whdmspj0u55k,"12,778,646.78"
0253f6e92a03a442ffa2954473d1a317740df30e5883163accd8b16d7a24910e6d,rv1qffld6f2qwjy9lazj4z885drza6qmucwtzp3vwkvmzck673yjy8x6vlu730,🍪 CrumbsNode 🍪,validator_rdx1svfvxj0glmg0ea2m0nqm47qlfypj2rcmp74t7p4wgjx2m0f2nju2zz,"12,593,276.13"
02242fa6d8ff2a8c8e0190532f9c9b0019b0b0e8f637902df2a970f4397e3d9be2,rv1qgjzlfkclu4gerspjpfjl8ymqqvmpv8g7cmeqt0j49c0gwt78kd7ytewl7k,⚡Instant-Stake⚡,validator_rdx1swud5a22cnwj9n3fgnkvmn9pvmk67qw6ukw23xkmau6dncm23jskup,"12,261,103.07"
038a61db59ac113adc620972ab6461b4519f4b7a2c43b39ca4215ca49970c0b4c0,rv1qw9xrk6e4sgn4hrzp9e2kerpk3ge7jm693pm889yy9w2fxtscz6vqy46epa,StakingCoins,validator_rdx1sva6pmkgm5yacumw4p6k0xsfnqg598xkj9p4e2a58dl6gcrqpx7z86,"12,022,125.76"
03eac249a1fb94858a215903204f061bbd19f036994255cdd21abbe354788b14c0,rv1q04vyjdplw2gtz3ptypjqncxrw73nupkn9p9tnwjr2a7x4rc3v2vq8sf72m,itooam.io,validator_rdx1sdvntpsfvlyx2hapn5zfr6z7etfwgqljsqdqh23876r33fpd8cvu5j,"11,688,317.52"
0380c1e4d613c0d4332591ad5c1e11a4cb3abb9846dfb387b7400985049a1f53e4,rv1qwqvrexkz0qdgve9jxk4c8s35n9n4wucgm0m8pahgqyc2py6raf7g9uf9j7,Slightlyiffy ⚙️,validator_rdx1sdha45dw0sj2z8c3qdrzua237nycpmdrqfnn6hcrg4hquyhlm9yu9q,"11,518,662.74"
030badf137f0a9b68ced47bd7b70f64381129279df0214f441ad9997cd63b31ef1,rv1qv96mufh7z5mdr8dg77hku8kgwq39ynemuppfazp4kve0ntrkv00zfdtx9z,One Hispano,validator_rdx1sd2fdyrmnhrrr3gmrx47atpgh3nvhpax66aufcwj3ey9lyvyqgvndf,"11,036,243.18"
0302e5dd49d44b2ffbbfed326639e3cba941940426548538bad4061dabf7a3a39d,rv1qvpwth2f639jl7ala5exvw0rew55r9qyye2g2w966srpm2lh5w3e6y3k4gp,Suena Merengue,validator_rdx1sw32mp374vrd0extsg4d6z3mwpgpalydnt5tp8a6fnsq0smax4tv35,"10,557,216.19"
02637044bb998dafce8449288da27b5338660646d9c7726c1db81e59d593592def,rv1qf3hq39mnxx6ln5yfy5gmgnm2vuxvpjxm8rhymqahq09n4vntyk77a5nfre,❄️ RadStaking,validator_rdx1s0y90ud7edmnaz7x52s7xsyhf8rgu2xr75u9526zqznhc5w3hkt34u,"10,518,871.42"
021ca828639d1108af9b5daa2d2b1d8128978b3528b8b4934b8abb8263cc9bde08,rv1qgw2s2rrn5gs3tumtk4z62casy5f0ze49zutfy6t32acyc7vn00qsjkajvj,♾️ AllesOverCrypto 🇳🇱,validator_rdx1svn77rj5gmhhhapafxhd3tv9yg9eq2a2gc578weeqx6huurlfu5aec,"10,388,956.52"
037ae4adb661a27a0f68ce65dfdcd8ebcce35c28189655f18a885e7b98712902e6,rv1qdawftdkvx385rmgeejalhxca0xwxhpgrzt9tuv23p08hxr39ypwv8y9e8l,Hermes Protocol,validator_rdx1s07zllgtzvy9xfyj34jfa9qpd004tcqg80c6vjezv5xmvk0d7jvcjm,"10,075,162.96"
03ff0b339eebb951a052e442bbebbec82d1174439fc133380bcdc7e5b6b7ca849c,rv1q0lskvu7awu4rgzju3pth6a7eqk3zazrnlqnxwqtehr7td4he2zfck5yruz,🔗 Radixnode.io,validator_rdx1sdzp792ktu30rd0kvj5stxu7mdpwylgkprdpnx5ysv2uj4km3ggrvf,"9,850,489.37"
03cfe1fb154dc5764900d6a92c1c792fdd2623bb368036feb1d0caa7278e8dc5a3,rv1q087r7c4fhzhvjgq665jc8re9lwjvgamx6qrdl436r92wfuw3hz6x4lp06u,StakeBros 🤜🤛,validator_rdx1s08nr8ukas7yklpf7q0dg9s3resvmhjau9r5ye3vvkrhpycayjrfrw,"9,469,065.81"
02a8f61d9aefa1aa16abfb19a9b6d639dedc476837410876b2ce5672bc1812c856,rv1q250v8v6a7s6594tlvv6ndkk880dc3mgxaqssa4jeet890qczty9vesjmvn,XRDScan.com - A WSBElite Service,validator_rdx1sv2lj628xcmsa20dy866w0vnpavduateww0h68avju67q2chkrmgps,"9,234,102.91"
03c6da1729e679c3bf683cb2dcc304476d7ce4f2660e9c08aab551220ee6495bb3,rv1q0rd59efueuu80mg8jedescygakhee8jvc8fcz92k4gjyrhxf9dmxqsjrxm,GENKIPOOL,validator_rdx1svjhajkrvar9lc4q045t5n02llhdm95wx2pampdm9tc3fglxdgjc8a,"8,537,837.74"
027e5b4e0b8ce05a335ff22e0209ef57a5f885152590777a71a23433e732a518f4,rv1qfl9knst3ns95v6l7ghqyz0027jl3pg4ykg8w7n35g6r8eej55v0gf87kq2,Blockshard 🇨🇭|🇧🇬  RadixUID,validator_rdx1svudtxxkegaeg6ks0qgjujfp8g80de2f63ygvfqug6zv987e99jk3q,"7,879,426.84"
03793fffc2a1e81ed60ae53f77de45d2cb8304b4a1040bf3e7d932e03057006e1f,rv1qdunll7z585pa4s2u5lh0hj96t9cxp955yzqhul8myewqvzhqphp7rqhs3p,"Radix Staking Club ♠️ (Osaka, 🇯🇵)",validator_rdx1svsvx7w30pq4d2t3587r5tqkv7gne7pgdrtgtl94uefax07qr50quu,"7,553,331.32"
02f7111c6449702cf7f1e4f969e5bc184cd57ccc154fcd8c8318a6ea0399ebb2b5,rv1qtm3z8ryf9czeal3unuknedurpxd2lxvz48umryrrznw5queawet28atjna,⚡️ RADIATOR ⚡️,validator_rdx1s0k2g57gxld3nydl8535e2tkp6tduh6pmynd3mf2a3q428zh09n24s,"7,534,451.89"
03ebd40cfd9e6db27857a0082ac6415d1f8ff9886b8c8eb61757d8be4cc07aec5e,rv1q04agr8anekmy7zh5qyz43jpt50cl7vgdwxgadsh2lvtunxq0tk9ufjclh4,🇵🇱 B4Radix | PL,validator_rdx1swkwafkwtq2dycr8av6zt5zlu3ls92r7vu66vu6lep6me8dphesxlj,"7,452,240.62"
03e2b35d602b6acf17f99d256d52e2ce1026b8032d71c2840d8b1e33b425544651,rv1q03txhtq9d4v79len5jk65hzecgzdwqr94cu9pqd3v0r8dp923r9z37n7hw,⛄️ AMR Node,validator_rdx1sdt7m2m3umwyuk9evzzcg6q34s5elu64pjkxlhtqu2w4zh65c99sw0,"7,360,892.58"
02e6ee906058deaaf93ecdef001e5e18a60cfa8d39d0831f6950694589b53f977e,rv1qtnwayrqtr0247f7ehhsq8j7rznqe75d88ggx8mf2p55tzd487thuelzs6w,Mozhi (Janasena),validator_rdx1sv07myvl9hs935aadunwwmp0fy0jh8p2h555j6836et5etswnjjwd6,"6,649,562.54"
026c565c62e84c4b320bd36d4391419c5b2f1bf5afcfbb7d7a293c0c48fa675b15,rv1qfk9vhrzapxykvst6dk58y2pn3dj7xl44l8mklt69y7qcj86vad32rdxart,✨ Radix.art,validator_rdx1sdep83pjpyhsctth6qc57xyyhw637p09dy2mrstmp0d0j74yzq96gh,"6,457,608.04"
0373139c7cdf00e2313331bdef5dd2cf5103bde7a6ad5eed4f2523233a7b282326,rv1qde388rumuqwyvfnxx777hwjeags800856k4am20y53jxwnm9q3jvvy4009,🦁 DigiGulden,validator_rdx1s0nxs6d4k5fpw05paeal05sm8ffsgvvuf7jkcleucr3zjxf87wm5gc,"6,086,544.34"
028874a9464618befae632d893052d520a097543792caa1f1182a16108542b82f5,rv1q2y8f22xgcvta7hxxtvfxpfd2g9qja2r0yk258c3s2skzzz59wp02yqm6p5,🦄 PegacornCo,validator_rdx1sv63txjclt935gw8f5sfsz4rhh6v8ttelwwtlpgk85qjm4n57t0wzl,"5,756,914.53"
028388ed749d655520d761d6f95028e684ba57a4bfc00eebcec4bf416e62f7f07d,rv1q2pc3mt5n4j42gxhv8t0j5pgu6zt54ayhlqqa67wcjl5zmnz7lc86klas0p,👑 NebuLAB (🇪🇺|🇸🇮) 👑,validator_rdx1s0qtrarfm5eu9ewvtzud96q9mjm2u63qr99newtm6h28q9slmz9jdp,"5,737,958.00"
036ece79c9f764165e67957650ac53b76cbfd303e2be3a6425030592e690901a63,rv1qdhvu7wf7ajpvhn8j4m9ptznkaktl5cru2lr5ep9qvze9e5sjqdxxhz9m3h,🔥 EasyStake (🇸🇬 SG),validator_rdx1s0eg9fzf0wm9yucpzug69fyngjpdw6w7ra50j74ktvahhhysmxyw68,"5,657,049.76"
0217157a75d92b90535155381f92a17cc6780dbb411de239528ea3fc12c3b8b544,rv1qgt327n4my4eq56325uply4p0nr8srdmgyw7yw2j363lcykrhz65g3c4x7v,Candlestake - Lottery 🎲,validator_rdx1svjkwg05p7pgg35vnutje5vsd30440fur7hstp4hfguedjrnrmzp2w,"5,207,659.90"
02be458f1968360bbd1466219bbf69f573e9ed894a1bd7c126f15f629b09162c70,rv1q2lytrcedqmqh0g5vcseh0mf74e7nmvffgda0sfx790k9xcfzck8qtkrjh4,💂 co:integrate 💂,validator_rdx1swwc4wy2pfghx9fvgprnk95nqlewt4c7gs39gef2j47td95gxhluec,"5,058,278.35"
022bc646b33e99042d6e85cf4c620ae977e287c9ca1d79405a7bc188d1fcc300c6,rv1qg4uv34n86vsgttwsh85ccs2a9m79p7fegwhjsz600qc350ucvqvvqzaf9w,StakeUp 🚀,validator_rdx1swam763hnn67utwv8qhz8aupt2y3k25hfdaulq8cl7m9s8qtrgfkde,"4,974,361.33"
02d19a7627e010c79a410051cede6aa018008ecebae983de617735f5727534a772,rv1qtge5a38uqgv0xjpqpguahn25qvqprkwht5c8hnpwu6l2un4xjnhyfps7ry,Mojito Finance 🇨🇭,validator_rdx1s0llvys3mnwmgssx0flenq93lddxyfyaudfrcr7ass6flunzjgn2jl,"4,510,898.49"
027b1d8520e69f0c783f931e6e54cf61bfeb9f88063019b03fb8e1e3fa8e3a19fe,rv1qfa3mpfqu60sc7pljv0xu4x0vxl7h8ugqccpnvplhrs7875w8gvluhxrxww,NoRNoF.com,validator_rdx1s030jqqp9d9z55t234g53ts5zqmqn7xuwj8hyqtnhfqxgkg4wtu2n5,"3,843,158.77"
0281e75328f8ff26a8ad86d5c00fc9c7ce073acd0053ea5b7b753b4a996c4736e6,rv1q2q7w5eglrljd29dsm2uqr7fcl8qwwkdqpf75kmmw5a54xtvgumwvy420gu,🏝️ Formosa (US-1 🇺🇸),validator_rdx1sdmd9rptjr3g3rdu883h2rt8vqz4aqr2la65m8vkvevcwut0gmj3ua,"3,431,654.37"
032ea2aaa68005f907fb7149b38a9fd903a09ed93436c70146e3f2752d909656aa,rv1qvh2924xsqzljplmw9ym8z5lmyp6p8kexsmvwq2xu0e82tvsjet25j4y3hy,📊 RadixCharts | Crew Labs 🧪 Node,validator_rdx1svxx0jetjwnptndj60sm8h7ljs0v88fl6xhwcyp6ar397agwd0ezaz,"2,525,129.55"
03b5ba4c6e9c8cacc168b30e28303ef661a267af094a2b0f28e374d075a7051c8f,rv1qw6m5nrwnjx2estgkv8zsvp77es6yea0p99zkregud6dqad8q5wg7yvr4na,Radix Radar 📡,validator_rdx1sw8387nsvja2lu0n739ar3uhz5kmcxd968rc5h7z0tr4nx3e8a2zkp,"1,272,854.76"
037ae981daf95bb81947f218e8cffe5cda63f5172e5f7db955134d30b52156bd93,rv1qdawnqw6l9dmsx287gvw3nl7tndx8agh9e0hmw24zdxnpdfp267exk8ljwu,Artistizen Validator,validator_rdx1swq5x8fman3xfccfwtl56asrnus8hg8khrn4zqkayvyamq5m96fc3d,"1,084,133.27"
02a5010fb4442e721883a4485604a197fdd6aa43b39f90b3eb47757798c0dc5d1e,rv1q2jszra5gsh8yxyr53y9vp9pjl7ad2jrkw0epvltga6h0xxqm3w3u9xyzpe,RadixUID Sofia 🇧🇬,validator_rdx1s0n6dyl8cmzalflynrnevz8c26jffemp7xrd0fnc7a33ttdyx4q33q,"902,824.63"
031ab5ad8db541562cd515d57f7a8ada3d6e1565c04d63f3f55b8e072c025ef97a,rv1qvdtttvdk4q4vtx4zh2h7752mg7ku9t9cpxk8ul4tw8qwtqztmuh5r9as40,WEFT,validator_rdx1sd6n65sx0thvfzfp6x0jp4qgwxtudpx575wpwqespdlva2wldul9xk,"874,604.00"
032dcc6bf806ae1d87e3fabb5d682aa623f82a49e7ae742df5e6d7ecba0c43429d,rv1qvkuc6lcq6hpmplrl2a466p25c3ls2jfu7h8gt04umt7ewsvgdpf62pyw6g,🇷🇺  Lenox | NodeRunners,validator_rdx1s0wgthtlhvg9ztsjazlu9xxlm05hpphcuqaj9qaw3cf6l04n5s93gx,"789,872.31"
02e3aebbbfa455434bb5e9dbc50f2117e81d9d06e435f3db3704668a723adbbc41,rv1qt36awal5325xja4a8du2repzl5pm8gxus6l8kehq3ng5u36mw7yzzt6msd,Viskosity Staking,validator_rdx1sd0kp0vm3wedcdgv96yn4duu3gd2uc8vx4ddqem97ranm4ju907sqr,"631,435.67"
03b961f699f94df7e52840d45eeab6d8cab7d77eed07e140d83c9691947cf7325e,rv1qwukra5el9xl0efggr29a64kmr9t04m7a5r7zsxc8jtfr9ru7ue9u6z9g0h,🐸 $pepe 🐸,validator_rdx1sw2l08wcpyhhta0f9wmd3py8yjlrepkdxxz65nhqjq2u5939z728fj,"598,741.70"
03be6e96bffe4437874a6c8aa543af84febf12f0118559bb0e4ad0b375d2903299,rv1qwlxa94llezr0p62dj922sa0snlt7yhszxz4nwcwftgtxawjjqefjxdr9e8,danku_zone with DAIC,validator_rdx1swu0wz9w2ppkhpqelt358pjmctr8lhlmwd7e3ggpw6nry29jzu3van,"581,090.00"
023e45b6baf4b78410ad6ae70a27c5e1da2d5abbcfc1442a64e9a6218a3a6c2d90,rv1qglytd467jmcgy9ddtns5f79u8dz6k4melq5g2nyaxnzrz36dskeq3nwygc,☀️SolarPunk,validator_rdx1swfshw753370kp7ptc60ne4y9da549dvc243z08cgpv3ttvdyry0g9,"346,201.31"
02078f9f38328421eacc6916de262cf2e979afbd7d260f263235d3cf463a7c012e,rv1qgrcl8ecx2zzr6kvdytduf3v7t5hntaa05nq7f3jxhfu73360sqjuf82pnu,RDX Validator,validator_rdx1svt2sqyme20n8xw54sds6pdsees8dj2msn0gusracy33ah7v0c084m,"276,743.05"
03b04b16c3dce0b57632f5238db84ef2f2b83331e9658e02ec87dad479132ba5c9,rv1qwcyk9krmnst2a3j753cmwzw7tetsve3a9jcuqhvslddg7gn9wjujm44rgr,Joe,validator_rdx1sdd0s7vy83qtqevqj7dgkuf660hfmf6xn4dl6t8rasg8njwh4nrx55,"225,389.53"
03f2a76c5895a51509a891e64dc5247e6c34d704363d1fcb46fcb448dffc90e0d5,rv1q0e2wmzcjkj32zdgj8nym3fy0ekrf4cyxc73lj6xlj6y3hlujrsd2kynklr,HAVA,validator_rdx1sd9xdzed3se3xn70gv2fvcf6tfgmrv2vn9fymcx2p7c2mr8gaz9qng,"199,560.00"
02c31f44463049bed8839bd1599feef4100a429e191371eaec3c4490534e4ab675,rv1qtp373zxxpymakyrn0g4n8lw7sgq5s57ryfhr6hv83zfq56wf2m82xsu0yq,Discontinued due to no longer being in top 100,validator_rdx1swgaevyu0hj4qsrt4gqvk0ux7w2kmgh940j9swp8lh6a2exl3p558q,"170,968.41"
0362f936dcf939442c538566d74ea5890ce2c980486b34cff32d98a07b7eeb9f20,rv1qd30jdkulyu5gtzns4ndwn493yxw9jvqfp4nfnln9kv2q7m7aw0jqv8t46s,❤-💎-mimbe-💎-❤,validator_rdx1s0rh0gz4mnszulvhrfmee5e9wcatwnyzldq43kp26r2qa0s45ac7ws,"141,882.31"
03a08d3c85beb0f5be6588bcf7d232864885b4f3d73288ac7e74cf61999a7a726c,rv1qwsg60y9h6c0t0n93z70053jseygtd8n6ueg3tr7wn8krxv60fexcsnh0zq,StakeSafe Seed Node,validator_rdx1svlvyezsxp467pznd2kfnhqpenmw7hpdgnxjgu3s8mzxtruz77d3q3,"134,332.33"
0345a9844656424666ef477a4660e362864df2c8399beac6c2e49c226ef0558f0b,rv1qdz6npzx2epyveh0gaayvc8rv2rymukg8xd743kzujwzymhs2k8skmq2xta,Hashfield Technology 01,validator_rdx1s0ey0put5afe7yfqyet8mz6f7mynfvdykqmr3kr663q6p0jc6yr7s2,"104,108.82"
02d34b527b0ff5aa443c76a249e2af2e3363f86d39f9a9b3342771ac845d492978,rv1qtf5k5nmpl6653puw63ync409cek87rd88u6nve5yac6epzafy5hskzckdy,,validator_rdx1swv0c3m7hdg7wm7mwfm4p8qhlldsq3e82qul5tmqzry20xf975dngc,0
021e003b72e4eb1b4ec425ef4b7597fc89adfe9d0d2f310d5db81c45fa6f18014d,rv1qg0qqwmjun43knkyyhh5kavhljy6ml5ap5hnzr2ahqwyt7n0rqq56pehq5n,Oracle Bros (DE-1 🇩🇪),validator_rdx1sw0wxsnz26yazz0wyjp7a4xp3ldjwcusl57sa0uupmpc7j2266s5tp,"89,860.94"
03afe4069e8a8e55bb8170e6fd4c853fa6bf23b11ea72de0d315f3fd83dbe31a80,rv1qwh7gp573289twupwrn06ny987nt7ga3r6njmcxnzhelmq7muvdgqg6k7ju,🐾 RadiPux,validator_rdx1s04r2c2pcq7mhs7s4pfy4a22xemes7wquuwmfsxdpfmw73zvp9gkha,"66,700.00"
0389b8fd027c8dce10aa0d3ad6823eb2f4e6156eb2bc543f48a33d195d9a355a84,rv1qwym3lgz0jxuuy92p5addq37kt6wv9twk279g06g5v73jhv6x4dggngx4kn,🇳🇱Krulk's MEGANODE!🇳🇱,validator_rdx1s0uxpf94tg6ufuc57se490z842uynen04kg8rghe973gxex3l9wzrn,"60,570.00"
02e71b568354affeb0fc375029c1144231aad9833ebcaeb8e1a7547c47a2a04676,rv1qtn3k45r2jhlav8uxagznsg5ggc64kvr8672aw8p5a28c3az5pr8vtdeszr,Malu,validator_rdx1sv7wkvr4dqcwkwz42pyry6cszw7adcv5vzp8w57tx9l7cgark33juq,"59,852.00"
034579401e2c2570d5ab8cdbe6bf92249642bffcbcde31aa2b4866334f3e7cd782,rv1qdzhjsq79sjhp4dt3nd7d0ujyjty90luhn0rr23tfpnrxne70ntcyquwyum,radix.cafe ☕️,validator_rdx1svhtry7r0xzp72kx35mlaq4uyth4cgnuv776dx4ld3f4xuuev2s4lu,"52,043.07"
024af036873bad5bd0d106e818c9d514c05127db33a2c433959e4ce4c08541af5d,rv1qf90qd588wk4h5x3qm5p3jw4znq9zf7mxw3vgvu4nexwfsy9gxh46wdkk6u,,validator_rdx1s094me32wep9zfr0dpc9muhna7ar4lg8ch6vl44m7cr04p50kkmayv,0
02f9c5a015ffecbfe3ee35d1c0158d97cc3e3a9a205dd543972781deb483f98c90,rv1qtuutgq4llktlclwxhguq9vdjlxruw56ypwa2suhy7qaadyrlxxfqrax58f,Offline,validator_rdx1sw82mec54qgszlp7ycrfqr2hkmw33sy9chv0a7urrv8lcm2gvv9ynj,"30,136.08"
02fcddc33604c79feb864942303b92bcebc6cf8527ca410fe3b047b0544376c216,rv1qt7dmsekqnrel6uxf9prqwujhn4udnu9yl9yzrlrkprmq4zrwmppvxn2gqf,👽 RadBag Labs √💰🔬 (formerly Raddish.io),validator_rdx1sdmsjj0acqmux07w3xmssc8exn9pz0gzlwszj9ps9r44e67h2ksl93,"25,795.33"
022629771042c774e70704849fc222efb8b8422811c3a5367fe9ac69e67bfbf0f5,rv1qgnzjacsgtrhfec8qjzfls3za7utss3gz8p62dnlaxkxnenml0c02p9y5mv,FreeXRD,validator_rdx1sw9097kv3jjg6jt4epf0sz47vmrdd6gys0gu8sul5t6w55qf3j7zfq,"25,012.55"
02d66e86b93e93ff22bcc669ba76b8d65849b410da2236c631c26005d94439ec10,rv1qttxap4e86fl7g4uce5m5a4c6evyndqsmg3rd333cfsqtk2y88kpqw39qvu,Encrypta.xyz √ 0% Fee,validator_rdx1s040h38utqrz8dxasq9advl9vk4mc03twutg9znhegslwchvsjye5a,"19,100.00"
02e3d2e74f12e7884a7499d1ca555cd813f4238665bb3e2543dd6caea5d06b0c24,rv1qt3a9e60ztncsjn5n8gu542umqflgguxvkanuf2rm4k2afwsdvxzgn6yxdu,Hornet Radix Node,validator_rdx1svkevtze6t74sq9x09d0faddmu2xz2dp2qzurmafxxplcjgd2up6xu,"10,600.00"
02bc1908a24d531f35352c4c236ae8ead729680d24d54a70fda1f392771efa2a5a,rv1q27pjz9zf4f37df493xzx6hgattjj6qdyn255u8a58eeyac7lg495xklqu7,RadixPool 02 (Closing),validator_rdx1svlkyg7d82v9dsnn7mpyu9yqtnjunc39y0hz7mn5mkj3r3luxc744y,"6,422.75"
03cf9214f1b6667592c805f909eae6fbc381d4345cc6c915d4ca1b1d10b43736f1,rv1q08ey983ken8tykgqhusn6hxl0pcr4p5tnrvj9w5egd36y95xum0z9t0yu3,Moonshot Staking DE 🇩🇪,validator_rdx1svfjk4s7mx0pj850up74egz53vcylw8s2jaxzlgjzs5ed5nmj9f65y,"5,872.64"
027a7491e76b3c9dea536d75d1e24d122b091313cd35593956fd029fc187bb3fd1,rv1qfa8fy08dv7fm6jnd46arcjdzg4sjycne564jw2kl5pflsv8hvlazy87qx4,SHELT!,validator_rdx1sd7vupu267ef8kxvshd3v23xwkavt8kv8q3qegnwn6n88l26y5t09a,"5,238.54"
0305ce345513acf1a8223079a8902291c02de8c9245061681987f175c42efcf45c,rv1qvzuudz4zwk0r2pzxpu63ypzj8qzm6xfy3gxz6qeslcht3pwln69cewjdfp,Zephyr Capital,validator_rdx1sdz3y8g574nuwnp4tcql7aysln4z2zml4g5x6cetvqn40jc9jvstv2,"5,000.00"
03f61b1a1eee9cd904cb29534af2bd1bc44f354b4c6f5dfff5667ca06158a2530a,rv1q0mpkxs7a6wdjpxt99f54u4ar0zy7d2tf3h4mll4ve72qc2c5ffs5ftptfy,Corehop Germany,validator_rdx1sdu0t3wrxf2vzz96a0mxuzen50tk65jqv2n6eg08etw22477ew5e88,"4,154.80"
026919ab5468f838fbf606393a43a793eefe802c0f0d788d53178c26c2cc760851,rv1qf53n265drur37lkqcun5sa8j0h0aqpvpuxh3r2nz7xzdskvwcy9zkpyh42,RadCrew India,validator_rdx1s0eas2h6lrx3a68d5vv4afetaql49tsanjkjq9d6gscx4ea7jk982a,"2,241.91"
033e1771b614564bb26687a6dd2dfb08463edf8c8a48a76b72e29d3fd8543b6a05,rv1qvlpwudkz3tyhvnxs7nd6t0mpprrahuv3fy2w6mju2wnlkz58d4q22dc9nq,Bravepool,validator_rdx1s0jufe4lexzxuzyq7mgm2a9cfmfvxwqrxs3xeywg3fgmesrzn5nzrq,"2,200.00"
02c4b9a97e86f879ce28b1713b971fd6a5cf08b666fab08086a5d45a32b17d4db7,rv1qtztn2t7smu8nn3gk9cnh9cl66ju7z9kvmatpqyx5h295v4304xmwnjf43n,Artistizen Development,validator_rdx1sdrs82eshqah25dttzend5cn48n9ztld6a6rjndc3xxmnarxtwzjt8,"2,100.00"
021d9a56577f1c64734751e61e26524476490e374c106d844e6982bb1a382c640a,rv1qgwe54jh0uwxgu6828npufjjg3myjr3hfsgxmpzwdxptkx3c93jq58esvew,RadixValidator.io 🤑,validator_rdx1sd0y2dhn2n59e3u4mv0c79c90rz37wek9lvddwpzfd6uadsuvaepag,"2,056.14"
03ace0fc3ab75a83a212f2724c52f2cd41f74ea2b267580505e6ba2f8f8a9c74c9,rv1qwkwplp6kadg8gsj7feyc5hje4qlwn4zkfn4spg9u6azlru2n36vjzceesq,Stardust Staking,validator_rdx1swj6hla4w240zf3p3967eu0yvvh4ypzt82tp5aqxh5637psms5wdq2,"1,500.00"
022d4258176610966d69d0517112654c6166f02ad4106ad0fe5b4db4e316718fee,rv1qgk5ykqhvcgfvmtf6pghzyn9f3skdup26sgx4587tdxmfcckwx87uutd49z,Osiris,validator_rdx1svvvd0aclap95f7sm2hsyd6j8xq8amchs7752jan84vpf2vqg4rkpx,"1,100.00"
031b147e39bd519c3c0ad7ed97d1e27a3c6c98371e4c0b3907f955afbfaa77a164,rv1qvd3gl3eh4gec0q26lke050z0g7xexphrexqkwg8l926l0a2w7skg29urcg,RDXNodeGuard🛡️,validator_rdx1s0jsc864dxv4da03nfhgpej89nj82v903eua49a9e9xk6ga5upk9ef,"1,100.00"
02003506b8201e0d419466f05d53e3838bbb1b52b3dad9e9687c9d2d340ccb7cad,rv1qgqr2p4cyq0q6sv5vmc965lrsw9mkx6jk0ddn6tg0jwj6dqved726lrp7ug,,validator_rdx1sdpykcee9uq3wfwpwmwkylsc7gpn8kzhp2uhhyk3erpesyqmkt4x25,100
0303f2fd685c98ea50d9fb26b14b4ba58d475749f6be67cb8779c16640e4c2f60a,rv1qvpl9ltgtjvw55xelvntzj6t5kx5w46f76lx0ju808qkvs8yctmq5sxajmf,XRDwillflipETH #Scroplife,validator_rdx1swcdj6s9u3sms92a7mrh3gm5ejcj5qnu7wes7frurqmlu44df9sye6,501.00
0213b85bff5d3f257d4056068eaf5bfd565e3e71d06e6cb191010a4ca0dd0b4d39,rv1qgfmskllt5lj2l2q2crgat6ml4t9u0n36phxevv3qy9yegxapdxnjgnqsuh,❄️ ArcticStake 🏔️,validator_rdx1swu8qvl3jqrs2t8lzzjncu7cku3cx4lccy6jumdz27hf4qehwxdk08,500.00
035cde0b524fb28ba373f4fdd32c14a9063782a25adce54917b1c27eeb35e282f7,rv1qdwduz6jf7eghgmn7n7axtq54yrr0q4zttww2jghk8p8a6e4u2p0w4jnkvt,SKY 04,validator_rdx1swtf4pztzxs9sc6kgfq20egle474x6tergqxqh28vl9sqq8s8d6hrw,407.58
027f0f438c52a85f5ac543322e0f9357823e2bdfb471cf6d14de06c9f6d91bd466,rv1qfls7suv22597kk9gvezurun27pru27lk3cu7mg5mcrvnaker02xv6lg45p,RadixGO,validator_rdx1s0rvwhcxsgm9vmlne7exkcdm3x5pukqpze9wgsq8dhzpj6dcrdyyfv,260.65
031906e71cf7d3ad974e277ed7b76a9cbabd0881db57d276972af67fccb5cae0df,rv1qvvsdecu7lf6m96wyald0dm2njat6zypmdtaya5h9tm8ln94etsd7zwl6w8,Staked,validator_rdx1s0hfv69389tvaq09y4lttuhdfhfp488x5camz9gvmay4qvysj8mpad,250.00
0283a26b7b2b809bdb3025e41171cee9f1082e8335345708c2b744d7a48ee5bd1e,rv1q2p6y6mm9wqfhkesyhjpzuwwa8csst5rx569wzxzkazd0fywuk73uj3q4jn,Mayas,validator_rdx1svt63dxpmvgwcevvz8n0gv87x65fs5qkegygymuwnv0v8vuv33zcx3,250.00
03c4b9a51ce068b010d295648d6416826421213bfbd1be80b18af2897baf90389c,rv1q0ztnfguup5tqyxjj4jg6eqksfjzzgfml0gmaq933tegj7a0jqufc64jzsw,N-1,validator_rdx1sddrqeazndkjra8e8zaxy7whecgjvfvyu4kd25rxhxm7lgscsget65,105.39
030f2849b9f1f2943296cfea08f9778168ded72b9b79710039d2dec69f15a723e9,rv1qv8jsjde78efgv5kel4q37ths95da4etnduhzqpe6t0vd8c45u37j5n6vln,🇬 ⛰️ 🇮 🌋,validator_rdx1s0ys67stq2qpk0gvhrrev9g8v58qdkuse7lzf4qgp8cz6pxyyzk2ur,105.00
02341b3d5212feea32b4d23de6b0b2d26b4b45fee1e833d6ea2074053ce275017e,rv1qg6pk02jztlw5v456g77dv9j6f45k307u85r84h2yp6q208zw5qhuwcx5tn,RadixStaking 2 ⚡,validator_rdx1s04djmd2xrgc4z6ntwhpgd72fkmav2x2s5nvpzqc5904xyx9r7e3jv,103.73
0339401c944990b9c5291f4f492dc1bee96d92723c9dfcb6071c6147bcc26e2082,rv1qvu5q8y5fxgtn3ffra85jtwphm5kmynj8jwleds8r3s500xzdcsgy0vu2cu,⚡ Radix-Stakers.com,validator_rdx1sd5grh85as4y60mxtuupnv2e0036hyehszt6aa3285sqxdulh309jg,100.98
0205785718b8f38da7eeb26e4fd790592149d4cda2aab05c4ee6ce1c9c54eeb42e,rv1qgzhs4cchrecmflwkfhyl4ustys5n4xd524tqhzwum8pe8z5a66zu9z5sak,Radix Stake Node,validator_rdx1s0rtmgcdg0y05wr52c08am2dunql4tggwqrkws2597cu6mrdlput3u,100.50
039e527effcf66f4d7a6488a7f5472ebfab5770e707acd5755d7e92fbf5c5f590c,rv1qw09ylhlean0f4axfz9874rja0at2acwwpav64646l5jl06utavscsdda98,Radix.World,validator_rdx1sw64yy3mmk9xvy6ys3gn7fjl0khckjzjkdqs5vqjsdtx6e3gtu3pcx,100.10
02392be2e9174643885add809e69c2c4ea732021a8136a1a7b9a2d869b50539f11,rv1qgujhchfzary8zz6mkqfu6wzcn48xgpp4qfk5xnmngkcdx6s2w03zgy2phr,🇨🇭Swiss Node DLT | 0% fee Radix staking,validator_rdx1sdtw97svylwsz8hy7y2xqnqflk8scayy9x04eapqpuejndlpwe6neg,100.07
02e2ab83d2e519732857fe50dc6f1af9b7030e069b83e87eff84bad932ea415355,rv1qt32hq7ju5vhx2zhlegdcmc6lxmsxrsxnwp7slhlsjadjvh2g9f42uye4s4,AlienCraft,validator_rdx1sv8npgz089qm9ckljmfyveuy523m376rns54mfcrtz5az2tl3h5w6z,100.00
02d8b96278ccaa10f5814afedf0ce994b92e27044248184107b61e505c9230de56,rv1qtvtjcncej4ppavpftld7r8fjjujufcygfypssg8kc09qhyjxr09vpdchjy,juicy lucy,validator_rdx1sv0pdyu789fa5tj2m2r4an4dvz4mvfpax7ktg8r93tlcqe73qt6kw9,100.00
0331a2f33e5eb4c427e53a9db02dd5757609fb3260e55b7f075091e3e74a8b0ae4,rv1qvc69ue7t66vgfl982wmqtw4w4mqn7ejvrj4klc82zg78e623v9wgymf63d,ANON LowFee,validator_rdx1sd3lant0vgk8jkxfgmmcd2zsljnu7xf2vu8lzc5cljgammdvfa9y7x,100.00
0376cb5cd52c0078f4d0ffdfb5d804588fa949af9281d8c7f1d7e627c0603daf59,rv1qdmvkhx49sq83axsll0mtkqytz86jjd0j2qa33l36lnz0srq8kh4j8ytzvl,Euler Validator,validator_rdx1s0er6tqwggdzr42gg3dn2sp3msyhu45y6dmssjfafl03daat33q036,100.00
02f6847349f5f2df86ff5e9a297b8c7b7b9c75dbe7e12a53211b5fd22047b5660a,rv1qtmggu6f7hedlphlt6dzj7uv0daecawmulsj55eprd0aygz8k4nq5mspgd2,Niteric,validator_rdx1sv7j6tdzcuv8z7zg4md57ma6zre75xk2yv3el04c0vvvgx38knd6qn,100.00
03ca23993c9b7f178af2321016fa670b7000b043d4eb357d9f7edbdcd26be2eba0,rv1q09z8xfundl30zhjxggpd7n8pdcqpvzr6n4n2lvl0mdae5ntut46qgx5970,JellyPool,validator_rdx1swz0rnaagve0y4wjk00dedlgztqyn39nw5qrtv0xkwd7krgfa98uwt,100.00
02de31ab181adaf13f545ec524bd7a60e7f2c42a1d6f29c69c9546fa0ed82f5147,rv1qt0rr2ccrtd0z065tmzjf0t6vrnl93p2r4hjn35uj4r05rkc9ag5wcpx0f7,RadixStaking 3 ⚡️,validator_rdx1swckjtt6rd4fklja9nturvjevyryf397nnzta99lx5wkzkpsmn627c,100.00
03ffb288e3d314c735d99682a30f5c9a63fd12b3fa464093bde113c000f8af4bed,rv1q0lm9z8r6v2vwdwej6p2xr6unf3l6y4nlfrypyaauyfuqq8c4a976n8ln8c,,validator_rdx1sv6wrgkqxhh9970jxy7smnlzwje2mdy0glkmw5xpjmvzg4wu78snz3,0
0395ddf3db4f153e4d95b53bd505ffb47d5c763367d35698446d165be5fd6fe888,rv1qw2amu7mfu2nunv4k5aa2p0lk374ca3nvlf4dxzyd5t9he0adl5gsymp0p6,,validator_rdx1s07tu4u9kleletlv29hsmldrw5yejnznp7qe9h738gjaj2j9vu9pcf,0
03451795d923e3369533f1860efcef16fbfc264df7afb5cfaaffb2b6ddd5bdc88b,rv1qdz309wey03nd9fn7xrqal80zmalcfjd77hmtna2l7etdhw4hhygkxdc4e0,Mobile Oppression Palace,validator_rdx1sw8m09y4dmu29yaczh7rajxvwdfs5xwdfjw0x2ml7s9dmdh8w7vmx7,100.00
03086ed67d150c6f0390d0ca91791ce9c30cd8746442e273a0d97e7804eaa1e970,rv1qvyxa4naz5xx7qus6r9fz7gua8psekr5v3pwyuaqm9l8sp82585hqpsyppv,Krulk's Node-inator🇳🇱,validator_rdx1sww07qz60wgkl0me26nhz5fz38psuwv27ddlfu5d876xhekfxxwhwd,100.00
03f538b473a00c135aa4891ca53117fee338dedd1bca3e0ee72426f453677114ee,rv1q06n3drn5qxpxk4y3yw22vghlm3n3hkar09rurh8ysn0g5m8wy2wuwkqsyd,Financial Freedom 🏴‍☠️ 0% fee,validator_rdx1s0ylcs2ra780e45n6n605ujr52aemv6equgqr6lwycph92rmgpwxme,100.00
02b165f4905778d9fd20b24a3970e316b59209e39a1f83a6c2520658d31a56d28b,rv1q2cktays2audnlfqkf9rju8rz66eyz0rng0c8fkz2gr935c62mfgkrspags,PublishedMeteor Staking NL,validator_rdx1svptfyzdnzk3q0qccrg8vfyfnulm2nnuchtrr273cwhmxx84wfw8ah,100.00
02fa7d839d37f663dd62d38398619b00b05db15a65ad717d626dcd03b6e2b91967,rv1qta8mquaxlmx8htz6wpescvmqzc9mv26vkkhzltzdhxs8dhzhyvkwxf7v6j,Vitri,validator_rdx1s05y7ey4904x6hpk667uxlgeq30vv5jcufdu026z6fxyfmn835rn64,100.00
02f005d172739d5432253f01dac320daba70f5d720e4a5628231f52da19741697c,rv1qtcqt5tjwww4gv398uqa4seqm2a8pawhyrj22c5zx86jmgvhg95hc6g0mx5,stack2me,validator_rdx1s0950rhwkpngk98q8rgm2lm83kglusz4ne2cn93aj8wt37awe0wg5w,100.00
02ad03a154df7215c622f2be2f8542742b699a14d5346e2e299f6553824cfdfc1f,rv1q2ks8g25maept33z72lzlp2zws4knxs5656xut3fnaj48qjvlh7p70kgyax,ushakov,validator_rdx1sv33rsnhwedawtsal4azz9m0j2eylcnutwtmz965cszks0es4g3q3l,100.00
03303dc83628785c603c3fbec3052391c689e940d3aa187d7bed398790f6a41040,rv1qvcrmjpk9pu9ccpu87lvxpfrj8rgn62q6w4psltma5uc0y8k5sgyqnyns6g,Tuzem,validator_rdx1sdw358qvf4k4mv6sfkl72c3tevsadqzxssaerzns6f3nrzxt5pu4t5,100.00
0321a82100dd9ef0874929152a6f79154c4530f0772c93e9a11476e0422a385a98,rv1qvs6sggqmk00pp6f9y2j5mmez4xy2v8swukf86dpz3mwqs328pdfsxtapnn,Radix-IE 🇮🇪,validator_rdx1svferc2k7gjm9gcnzffkml8qzyztq2d0g0jrjlegtrvnrnyv8zp0a6,100.00
031030a2be3b161be21fad6b957c980916e37bb6e2ca1645cdb1f4fa525e387070,rv1qvgrpg478vtphcsl444e2lycpytwx7akut9pv3wdk86055j78pc8qvr7tjk,(▀̿Ĺ̯▀̿ ̿) Glass & Glitch,validator_rdx1s0lc0avj3hpkkunyw8vn69ayv76ruejj4myakdgn3t9nptdplmfshl,100.00
038e9d0f266e5fb0dd49621bde2fc7f574c7703d33bceb4832f17ed8fb2f42e43e,rv1qw8f6rexde0mph2fvgdaut78746vwupaxw7wkjpj79ld37e0gtjrufg3z02,Just-stacking by P&W,validator_rdx1s07vx42l8ku9rplaw2apd5dzfgkcyn0s9zalu7pe77cm7rvee0m8ck,100.00
030f8e8e67e94c85de658e159bf86ca7febca9e9af2d7a05fc3e4173cae7de501c,rv1qv8carn8a9xgthn93c2eh7rv5llte20f4ukh5p0u8eqh8jh8megpc0x3vtc,⚙️ Bare Metal Gear SOLID #1,validator_rdx1sw2hsa48r7vsut5cj4sahuzkxdgzwkj63t2xjjm5nl6c20hc7npt8m,100.00
03b8a4d87026ffb4ef2a58961361cd7556cb29d81f56c892954a5bc5d674cced5e,rv1qwu2fkrsymlmfme2tztpxcwdw4tvk2wcratv3y54ffdut4n5enk4uhxf8gx,Alliku Validaator 🇪🇪,validator_rdx1s0vn7ay93r07gc3f45efqmjz03t797wa7980v2rp864c78zp3slerg,100.00
023e11d8f6a48356ca5c20ddb684cd147d9abe0a02d9687d238b46847f9935578f,rv1qglprk8k5jp4djjuyrwmdpxdz37e40s2qtvkslfr3drggluex4tc7luntu9,Digital Validate,validator_rdx1s07wktx5t04rpq377dwtt0zuay63xc3g6z8at087dxetxtmcgzwqh0,100.00
021f2b2957db62800bf2c68e8f97c585260d2432981bc5616a39fb5486c7cf533c,rv1qg0jk22hmd3gqzljc68gl979s5nq6fpjnqdu2ct288a4fpk8eafncvcl5x8,BlockShark,validator_rdx1sd2ldt5lcgry4uqtr8hzwq9x94kdskwgl77w0a5jkwq0fayg6k85wy,100.00
03a29568d8c9f5d4d8cdf059b3a8e1a4c228f9eaaabf3e0531a390d21a37df5210,rv1qw3f26xce86afkxd7pvm828p5npz370242lnupf35wgdyx3hmafpqfl3994,BYC BavariaStake DE1,validator_rdx1sddlrsqfxvk7xp2tufkhzdkqaywdv6mwkdd3ajfaql33aumzdm374x,100.00
03cec03b5c1258ed0c1fc0ba7852432e9d969400ebb32dc1f11823ebf4966cb9dc,rv1q08vqw6uzfvw6rqlcza8s5jr96wed9qqawejms03rq37haykdjuacwzkyg3,🇩🇪 Frankfurt Stakerator,validator_rdx1sva9supntr9l2r6mfw46puhmmmdvlc7ecspcryqq3crj8fcf4jrt8t,100.00
02e8d7db3cb885a43ca7213763a1ae41b207b4d8e6ccdab3c74f57968158121d48,rv1qt5d0keuhzz6g098yymk8gdwgxeq0dxcumxd4v78fatedq2czgw5s80vzaa,🚀 WOPR (US-1 🇺🇸),validator_rdx1sd9ewm5vgjrtw9axe6vpjg0emelx9pxfnnhq62m8jv8enknq99slyu,100.00
02130db280995de9b0a0bf961f4d3de48406d4ca58305a3423d68ebc1d61dabd9d,rv1qgfsmv5qn9w7nv9qh7tp7nfaujzqd4x2tqc95dpr668tc8tpm27e65lsee7,San Francisco [0% fee],validator_rdx1sv456cf0qzcey324stgxgpusjtewnf23zujj2ds0w4aq4fre2l8x3s,100.00
02dabaf7a231766dfe2909e0693682d954ee21eda70ab10013c6d61e1e9e5238a9,rv1qtdt4aazx9mxml3fp8sxjd5zm92wug0d5u9tzqqncmtpu8572gu2j0sclkk,🥩 Stake Frites 🇳🇱,validator_rdx1sdwk0ty3zjsq5925q9qh0qmnex64vkf3khlz6vvhm8sn4nq596ecdf,100.00
031ad9ae15a8327b7e2dcfa32366f28e03b32191cc50918b3e6e2e806f47529ddf,rv1qvddnts44qe8kl3de73jxehj3cpmxgv3e3gfrze7dchgqm6822wa7eq5z77,--KaiYuan Epoch_HA1--,validator_rdx1svlpy2y9lwxmrm5zlvuwkkrxwjzpmmlfk8n2nwmt78268pycqwntzl,100.00
02f88fe0d20d75975819c676dcf14efc1cdeb68ad5626df2c08273d076bd40ef04,rv1qtuglcxjp46ewkqecemdeu2wlswdad52643xmukqsfeaqa4agrhsgvmwcz9,⭐️StakeITeasy✅,validator_rdx1swghradxke9a3gt5ewddnc38fyj6mllhzvphyf3nen26usqh85m8zs,100.00
038b14368daf5dabf065aec82d463d2333d9e45f5694b8ad01afcbd7f8be4ea589,rv1qw93gd5d4aw6hur94myz633ayveanezl262t3tgp4l9a0797f6jcjhne5wt,Radix Codes,validator_rdx1swkwr2s9f33wlr8tejnum0j7edyswua6yyakg2tht6ns278h40l9qu,100.00
0215013828fbd8c7eee8b501d493b8a4730c2f151a11a0fcfcd284b0e6510ce3e8,rv1qg2szwpgl0vv0mhgk5qafyac53esctc4rgg6pl8u62ztpej3pn37s7zpcwz,LetsStack.uk,validator_rdx1swzcs3tgr8g9qlkyhkyxjtveeta0un4ayf99l76mtsgj5f3h332fq0,100.00
02cb6d8e27bb530e192de7524805cc3f5d83dab817b1d132e71b5895efcf87dce4,rv1qt9kmr38hdfsuxfduafyspwv8awc8k4cz7cazvh8rdvftm70slwwggpfk0f,🚀 NikosiNode Radix,validator_rdx1swujat7hw4s6cmx7vq6yk4fzxc6mnfmw4tpqyunlthacat55s7zd8w,100.00
02e9500e5cf04de44cef4c6aada7d7b85ae31fcb2fdfb9a1006aa8f99b6d3bfb5d,rv1qt54qrju7px7gn80f342mf7hhpdwx87t9l0mnggqd250nxmd80a46syz0s5,radicks.com-AdultNFTs,validator_rdx1sdpcajykt7mcvqskec4n4mw7v3605l73nt779azumxh7v0nhpqsj95,100.00
02ab555db1b95d7a6a547a2772d348530cd11ed11bb209bbc16b47c4ac7fb8ddf0,rv1q2442hd3h9wh56j50gnh956g2vxdz8k3rweqnw7pddruftrlhrwlqgk7zcs,Pro Node Group(PNG),validator_rdx1s0jjvkmgysp3hs8w2c90xmc87q725q9em760czp2nfp55jgje5rlp3,100.00
0249c6e46619b5f918af57fbdca328e72f44056bbd130e87fb120109ff210c6309,rv1qfyuderxrx6ljx902laaegeguuh5gptth5fsaplmzgqsnlepp33sjc6g0wf,radix-node-01 | staradix.com,validator_rdx1s0vujyj9z05ykwe7v5y8pet52y8syh6dahzad0ttc565e9dvnzsm34,100.00
0364e3b4ccb42ec43c11d82a781535fa609944773cd1d65a70047253b0cb1f5c33,rv1qdjw8dxvkshvg0q3mq48s9f4lfsfj3rh8ngavknsq3e98vxtrawrxp9dzxt,Radimesh Hong Kong 🇭🇰,validator_rdx1s03yayle79ua6ez30mcc8nlf42rfjatmv62durjd9judn2zplxgu72,100.00
03b31b3e3af8e5e2c1fac9f065585880e5bcccc8e234d7d6921646a2c3838e1246,rv1qwe3k036lrj79s06e8cx2kzcsrjmenxgug6d045jzer29sur3cfyv4r0a3t,Artistizen Marketplace,validator_rdx1swq6xdqxrg40k99lk08fdrd6tlnnzmn9a0j7s3s0n7pu2etrmt7yvx,100.00
03d7b65d24841019acf9d977dc898a058578c7fe70d427eb3bd09e1cd07326a4ad,rv1q0tmvhfyssgpnt8em9maezv2qkzh33l7wr2z06em6z0pe5rny6j26e7zmn6,Newblock Node,validator_rdx1sd34p0xjh6987ly6qtmkglhwucm4wpx3ykfj9y44jxr9d0mh2ws24g,100.00
0319e200645c7661e039ccc6e9905a09a610c7e6d69be530c1a2ca2127d4626cad,rv1qvv7yqryt3mxrcpeenrwnyz6pxnpp3lx66d72vxp5t9zzf75vfk26ph94s6,Radix Giveaway Alert,validator_rdx1svumk8xfrm7e2khc9fzy2a6m385ceh0s9aqg05ayfkhls56vw5r5ys,100.00
03ce4a7d54640d20bf1d608a8061e283dee720e8d460cf6eec9cfce3bd4afed547,rv1q08y5l25vsxjp0cavz9gqc0zs00wwg8g63sv7mhvnn7w8022lm25wkp8k4k,Infinity Node,validator_rdx1sdtezkpzjkpa8cwm2hurg5quz3unaxdlj2alydc0xns49az0pd9tay,100.00
0270d39fcd74ebab43ee0cf375666573bcaec70eaf76d1021bcd444d0ebe2b03be,rv1qfcd887dwn46kslwpneh2en9ww72a3cw4amdzqsme4zy6r479vpmuhh9avy,Frenchstake,validator_rdx1s0lzdl35qkd0tmf2xp828wpma97fq94t4u536jpss68dnlr9kw69gg,100.00
03e53e229cd0d1a1720ed51a73bf98ac3d447ab8965172aa7f57960afd81d13b79,rv1q0jnug5u6rg6zusw65d880uc4s75g74cjegh92nl27tq4lvp6yahjhtdfg7,,validator_rdx1svw2q8uz076euum7yvfhqqxfym5tfjwskkfzrtcz5wpwvdkes3xz42,0
036aa17bd2d269eb948933d6391ac40ab75fbd66dd083fd36512731e314823452c,rv1qd42z77j6f57h9yfx0trjxkyp2m4l0txm5yrl5m9zfe3uv2gydzjchhyqvn,RadixNode,validator_rdx1s0gcg276gq0uaa8mc88mk6umdejmyg5rmjsw0725fml825nmwpgwls,100.00
03dffd2fbb45e549081a18a5e1dca49133db414d53fd2983746d7f040b8b02f2fa,rv1q00l6tamghj5jzq6rzj7rh9yjyeaks2d207jnqm5d4lsgzutqte05d3kjv3,SKY 03,validator_rdx1svflx5cpjjys8pl24enflstfx2d887semg0k6yl4x84g8qvqx6etkr,0.60
0232fe3feb01190e96ec20d08e623083d6a2597221b71319556c8d0736dd272d8b,rv1qge0u0ltqyvsa9hvyrgguc3ss0t2yktjyxm3xx24djxswdkayukckdk7wae,UbikCapital(0%Commission),validator_rdx1s0g3xkjh9gs2g9xutwuuexmgta7kmmunwlk6pxvr978z89axrzv6d9,0.01
020e61fa6869b2bbbbbdf2b9a6f5dc1c48ee66faec6ca3a9f1c97d7bd076d613a2,rv1qg8xr7ngdxethwaa72u6dawur3ywueh6a3k28203e97hh5rk6cf6ydujm7x,projectShift's Stake4.me Validator B,validator_rdx1sv6q2t0943gcyudump48t7vv7fmjdt2fzmx2w9ytyxdmtekwz9huwt,0.00
027666415a724a0f545ce2d68b395e26cbba8e660c1d059ae2530c5059166c8e07,rv1qfmxvs26wf9q74zuuttgkw27ym9m4rnxpswstxhz2vx9qkgkdj8qw0nentq,,validator_rdx1sv77tce6xvprl6yg954yq78kshrqx39pq78unhy4jj9qv680uz0rdg,0
02e2b7af226240d248562643b95e236069be47e9e9d5518356fc64a37ee50aec0a,rv1qt3t0tezvfqdyjzkyepmjh3rvp5mu3lfa824rq6kl3j2xlh9ptkq504xyuq,Radix Foundation ap-south-1 node1 mainnet,validator_rdx1s0ecyev32587zjyrc50lu900q64ykxcr7er8delatak6vkk9t4g4q0,0.00
0383aadb507d2d8fbf07d639bc8899bd56e113d96f1c2ae6698d38dba6e9667f68,rv1qwp64k6s05kcl0c86cumezyeh4twzy7eduwz4enf35udhfhfvelkseawyu2,Radix Foundation ap-south-1 node2 mainnet,validator_rdx1swz29wl6rvd34w34rjnnd6x0dwkc8hltc9lhr8rl8g6876egxd5s6e,0.00
026edfd458e45735f7a5687b546e6dc2103717a5f67353d21074162318aef02030,rv1qfhdl4zcu3tntaa9dpa4gmndcggrw9a97ee485sswstzxx9w7qsrqvp8j2n,Radix Foundation ap-south-1 node3 mainnet,validator_rdx1s089c3309u3celwxur3zrz5t8skypzcff92qezlec9maawu8d5r0na,0.00
0249638d4f905c696c5665ac6e2abe66d291d5bf8b2c091510de021a275b30506c,rv1qfyk8r20jpwxjmzkvkkxu247vmffr4dl3vkqj9gsmcpp5f6mxpgxcscwj6m,Radix Foundation ap-south-1 node4 mainnet,validator_rdx1sdnqgc9crzvzyq9mnnqhyg7st869r5td68wf8zq0mxkxeswwctd4ll,0.00
02d4a63cb0f942b6f24b11d628a22dc57658d6259101a9255272699eeb471a8986,rv1qt22v09sl9ptdujtz8tz3g3dc4m93439jyq6jf2jwf5ea668r2ycvyuv7z5,Radix Foundation ap-south-1 node5 mainnet,validator_rdx1sv0lcmlfvwkf8zp5x3q6g3d2rk6fd6kdxvluqe3v04rzdqew6vhvgs,0.00
02d4222b1c4c61032a82806c2428a017dc98af0dbf1b12bce439a8cc9168654967,rv1qt2zy2cuf3ssx25zspkzg29qzlwf3tcdhud3908y8x5veytgv4ykwh9w0ty,Radix Foundation ap-southeast-2 node1 mainnet,validator_rdx1sv5zyqk0tsma5gp4h690cug9e6ashvv3genfzf0ukevgj84t6vyn3x,0.00
037b60a0b02be17ee8450787c4563cc34983aba076aff3612352ce31c334396195,rv1qdakpg9s90sha6z9q7rug43ucdyc82aqw6hlxcfr2t8rrse589se26mf90m,Radix Foundation ap-southeast-2 node2 mainnet,validator_rdx1s0t8334zzf3dzrkpk4we48qfn9qqt2xkjwzx8u4pkwe0442pp3tenu,0.00
03ec5b9bfdd06f8eef1eff4dd7cb9d720ab2b17009b5c32a0f9f7eff18fcb509f1,rv1q0k9hxla6phcamc7laxa0juawg9t9vtspx6ux2s0nal07x8uk5ylzye7lhd,Radix Foundation ap-southeast-2 node3 mainnet,validator_rdx1svr5kd8p448kqqmffrg5nztmgdedpns68lfm2382p9l59jjcwvkd20,0.00
02059ef930aa4b234a30a538e29d7067242ca75ce3a460af3da889d5108eb231b5,rv1qgzea7fs4f9jxj3s55uw98tsvujzef6uuwjxptea4zya2yywkgcm2m772ts,Radix Foundation ap-southeast-2 node4 mainnet,validator_rdx1sdgghcae054twgtq9rut8y5k45ged4u9ejgl6g92rvc6nkaztsznkw,0.00
02a8c7d5f9937ee3129fe57473ffbad38ff7d81789e21813bd680343cb7017a8e4,rv1q25v040ejdlwxy5lu4688la66w8l0kqh383psyaadqp58jmsz75wgqgk0j3,Radix Foundation ap-southeast-2 node5 mainnet,validator_rdx1sd5rldutwtcmnlczj38n3hrhdqevu77wkqh64kn985nmvg2dxzmz7e,0.00
028b23f91483e8c49ffecff25a5623d4eb06f5f6952a794e7836a408607fabd8ed,rv1q29j87g5s05vf8l7ele9543r6n4sda0kj548jnncx6jqscrl40vw6m3s805,Radix Foundation eu-west-1 node1 mainnet,validator_rdx1sv2nu2y6wmhcg4d99mjek5g8qmpc2ua73yfaz6tytgrasftamn9c2u,0.00
03b246b0703080f81702beb8e332a195824d5eb6e6358608548f2eb6b2d977284a,rv1qweydvrsxzq0s9czh6uwxv4pjkpy6h4kuc6cvzz53uhtdvkewu5y59qeplh,#N/A,#N/A,#N/A
0290c6aec0e1124d2cdb239c4d82af2fe976f5ad5a509b596596e30d95f39b30fc,rv1q2gvdtkquyfy6txmywwymq409l5hdaddtfgfkkt9jm3sm90nnvc0cngp4cg,#N/A,#N/A,#N/A
03adb39f7bd4355ebd5e7b981f398656bf44902f20dfcafae3891db2a18a2ce2f4,rv1qwkm88mm6s64a0270wvp7wvx26l5fyp0yr0u47hr3ywm9gv29n30gkznj6l,#N/A,#N/A,#N/A
033ab8f91936798bc3d307fc7660bf5832e56ad28b6ecfc2f994588ad2808bd13d,rv1qvat37gexeuchs7nql78vc9ltqew26kj3dhvlshej3vg455q30gn64x3hlk,#N/A,#N/A,#N/A
022a5b7e3b2799f3272cb17d3c1d8009afcba592cf4b1ea2c98684a0d9cb64f040,rv1qg49kl3my7vlxfevk97nc8vqpxhuhfvjea93agkfs6z2pkwtvncyqkgvnpv,#N/A,#N/A,#N/A
02134ea9358a33e14ea0c6f6322270c1ade32660cb7e747cd3b7852e08b9f890a5,rv1qgf5a2f43ge7zn4qcmmrygnscxk7xfnqedl8glxnk7zjuz9elzg22auywy5,#N/A,#N/A,#N/A
031e4affabea8c5f005a7ddb44cdf3dd35bf925e231ec4a4f6c81bb1544d40ecf3,rv1qv0y4lata2x97qz60hd5fn0nm56mlyj7yv0vff8keqdmz4zdgrk0x86qhgc,#N/A,#N/A,#N/A
036549c995fbdbb943cd1708df02c68f9500cc0526d21a153a8a64cb784160b6cd,rv1qdj5njv4l0dmjs7dzuyd7qkx372spnq9ymfp59f63fjvk7zpvzmv62vp79r,#N/A,#N/A,#N/A
021bcc9e2e4644e1b61354d009803df573c25b9f9a2003647315858806c1e7fb5b,rv1qgdue83wgezwrdsn2ngqnqpa74euykulngsqxernzkzcspkpula4kle75q6,Radix Foundation eu-west-1 node2 mainnet,validator_rdx1sdjy58guswld3pajj7kc9etmjxx4r6fpn9kg9qvmtyuktl86m6ksek,0.00
03f0f48e764719024d17fb8f549d534dcead847a6a926eeff89d438088e282303c,rv1q0c0frnkguvsynghlw84f82nfh82mpr6d2fxamlcn4pcpz8zsgcrcquhlk3,Radix Foundation eu-west-1 node3 mainnet,validator_rdx1sw22dt4lrvdulpyx6yvxqwfzxklmx9sqzz64tyau0drrxjvx8ysa7u,0.00
0219dbf0acfe930f98fbd416dbe472b304b01b7a7a6fbc2e5f7f3204dff96b68d8,rv1qgvahu9vl6fslx8m6stdherjkvztqxm60fhmctjl0ueqfhledd5ds8pnyty,Radix Foundation eu-west-1 node4 mainnet,validator_rdx1sw4ekx00nfjddp32vptgp48kqnr5y7ca4zsg82zchjasujya7yy6dz,0.00
0256a0ff7344ed3d25460a858f96b55b84427ef5851fdea80a9e9d78f91302d2e2,rv1qft2plmngnkn6f2xp2zcl944twzyylh4s50aa2q2n6wh37gnqtfwyz9as5w,Radix Foundation eu-west-1 node5 mainnet,validator_rdx1swqujannq4qknqztw7j2gynuyqxs63ktm9p9d78gvsuwhr9wy8uvxn,0.00
03c4d19b1ee6b2a2e8920adb5201bf8eca8a4ed5158be5f6ba1ad49e132fa12276,rv1q0zdrxc7u6e296yjptd4yqdl3m9g5nk4zk97ta46rt2fuye05y38vcqdxul,Radix Foundation us-east-1 node1 mainnet,validator_rdx1sv3rkch3kj85uwk9yp37v2a68alnmm8aqvd3mefswcvn94ch2l2nnj,0.00
0343d60d8260e1f97efee7b664444080b04e948309ac56fbc81dd7bae0c875ff7d,rv1qdpavrvzvrsljlh7u7mxg3zqszcya9yrpxk9d77grhtm4cxgwhlh69a2hkm,Radix Foundation us-east-1 node2 mainnet,validator_rdx1s07kn667akdcry7052ardf2r4lfnkv2k34g2ra5vfc3hwurud38qca,0.00
038c979160e9dbddee2c1aa4803eb3ccb2c7d626251e503d961ddb7c5e1e9f8a96,rv1qwxf0ytqa8damm3vr2jgq04nejev043xy509q0vkrhdhchs7n79fvewxsvv,Radix Foundation us-east-1 node3 mainnet,validator_rdx1sdwuys6rx7f5n2qy8kplkywq8ryyw5uj7rsac22g29lt53jzvs9kp3,0.00
03d3398553c6d762105548b40d14d1b867c2d06794da2be84435df6194ec3ae897,rv1q0fnnp2ncmtkyyz4fz6q69x3hpnu95r8jndzh6zyxh0kr98v8t5fw6w4gj3,Radix Foundation us-east-1 node4 mainnet,validator_rdx1s078ehp7tdedmvejsxa0efzy0f8pwdkgf7x59cadkqgr0ll8px433n,0.00
0230ed095a00e3b87d32b08ea8780bda013e2005eee13f9e4e008d758fa6aec16f,rv1qgcw6z26qr3mslfjkz82s7qtmgqnugq9amsnl8jwqzxhtrax4mqk7qsl6vu,Radix Foundation us-east-1 node5 mainnet,validator_rdx1s0nmk0qu3sk9nsq3yxdfn06cwfv0x6vd0zmvch0m6634d6pp2lf770,0.00
03cc02c9116638ccfd3f0b596c304c42e0dd59eb08d34e7a359cff5301fabe71d9,rv1q0xq9jg3vcuvelflpdvkcvzvgtsd6k0tprf5u734nnl4xq06hecajc40rqw,Artistizen NO-01,validator_rdx1swec483k6fg9ntrvlcfu549da8sarywnq8wacdm6646vmujjp8mrgk,0.00
03f658a8a6d2c8e5c6c84756358cfc59c0c301c5fc12e538e1b8d8c628046b8a68,rv1q0m9329x6tywt3kggatrtr8ut8qvxqw9lsfw2w8phrvvv2qydw9xsk88slq,Artistizen NO-02,validator_rdx1s0jk8ccns3ngkc29wpq73zvmjmt0ln2lnl8yfwfqccsrhw4rwsvdjq,0.00
0210ba3aa83bdf6a3a2de6a287c8fae1fa4e82c26a0864d9d1e60b13ab423652a5,rv1qggt5w4g800k5w3du63g0j86u8ayaqkzdgyxfkw3uc93826zxef22gjr64m,Artistizen DE-02,validator_rdx1swqja2wqgg65ynqydnt62z6rutzjnzhnu5yzkf7xtf27p90nfdnvht,0.00
029152cee6929d40ef5a9a5ef61e00c24837b8b0ede93b6a42b4d05e788160ce6b,rv1q2g49nhxj2w5pm66nf00v8sqcfyr0w9sah5nk6jzkng9u7ypvr8xk2tzfcc,Scandinavian Radz,validator_rdx1s0wwn928vcvd9kl72pgf2twcd4eqy5a2cl7804ed7p7pxthjjkc24n,0.00
0226ad20e3ed0e9dd1b498ade77ec56fe72b994fb05a47d8608af6d124417773dc,rv1qgn26g8ra58fm5d5nzk7wlk9dlnjhx20kpdy0krq3tmdzfzpwaeactcdxx5,private,validator_rdx1svg8sfeacx9nqe0jkep44dyyumxg0hw2zzzszg0334qlqm2hx5r979,0.00
026e1c4116d5a0feda61d4c545d5224b5cc138bc39f38bea8770bcaf618047b897,rv1qfhpcsgk6ks0aknp6nz5t4fzfdwvzw9u88ech658wz727cvqg7ufw7hesus,🔥 Radix.Rocks,validator_rdx1sdft8h765zwlfcc78la0lhng83gfvwst6waxd5h86kungj8lw8pdd8,0.00
037aaf66dbb87b23213aba4771eb4b54f18ac90c2831b36c044dd6973f66c1238e,rv1qda27ekmhpajxgf6hfrhr66t2ncc4jgv9qcmxmqyfhtfw0mxcy3cuw80k0k,🌈VisionStaking🌈,validator_rdx1svq4qehhqedwwaerwdjyartk3p4u5mxkul49l9zqvdkj9utwhhfdw3,0.00
039b6af5c41167f72b0eab9efee4bb0d39611d410fe2d52b791664325523ee7986,rv1qwdk4awyz9nlw2cw4w00ae9mp5ukz82ppl3d22mezejry4fraeucv8me8qg,The Lord of Chaos,validator_rdx1s09c7w6220ccgz8vcjkkwnwcuqrp9gh6xj2ksvvck537eztg4texc0,0.00
03045cd1f9bf58e0956f2c73773905fbb28c3273c43744d40361b9c4e535354ac3,rv1qvz9e50ehavwp9t093ehwwg9lwegcvnncsm5f4qrvxuufef4x49vx3r2pp8,Lisbon Node 🇵🇹,validator_rdx1s08sa3xzeljmm6kcu020nkl2jzg09nt52agqwdjfj463fs6stzk90l,0.00
033ba5e49fa2b49e65d71ceae4f61978540da333671394fb533fa2d39d94820df5,rv1qva6teyl526fuewhrn4wfase0p2qmgenvufef76n873d88v5sgxl2cpf5a0,https://carofa.com,validator_rdx1svxqlmjy80l46uj3krg8mml65jsmfum95shvu20xjuekhq0mv2hw9q,0.00
0381f59e8fec45f9f97a2601f209ff63f2410703e92609995fafe9426e534736a6,rv1qwqlt850a3zln7t6ycqlyz0lv0eyzpcraynqnx2l4l55ymjngum2vr6gxtm,,validator_rdx1s0883tdmfmeekdks2v8uzwpqqlqh56zy95zu6svge4hksafyqmew54,0
03f8ca803ea7c3afadeda82b673954695a5d1c742f7b52ea748223967666f11ff7,rv1q0uv4qp75lp6lt0d4q4kww25d9d968r59aa496n5sg3evanx7y0lw6tuql4,√𝗥𝗮𝗱𝘀𝘁𝗮𝗸𝗲𝘀,validator_rdx1sdf4sd9pwnr9q9dgd2rr0a3ujz6y2qpukyg7x3gjemvx6ht8fnukqx,0.00
022c136801dd5af71cd4fc90ca53df93a23c589550724e945906ac059cc0f810aa,rv1qgkpx6qpm4d0w8x5ljgv557ljw3rcky42peya9zeq6kqt8xqlqg25swzn6a,GetaRad,validator_rdx1swsayvu3v3a5fp2n8zsg9awm6n2mshjj78gtl8s0kphs4s6r3hy0nx,0.00
02e7f2b386b20ad89d7706051a63cfca2769bc47c5b42561d32f24e4fb1c3acea8,rv1qtnl9vuxkg9d38thqcz35c70egnkn0z8ck6z2cwn9ujwf7cu8t82suyqhau,☑️  GoRadix.io,validator_rdx1s0eeyn9uxs06te9rsddawhc629rg4tv2e4khukez7xxk29vlc0upwn,0.00
026dc5f280eb54169aa9a5ec5d6e09ca25741d0ac2820f5056caae2aa2b17eee27,rv1qfkutu5qad2pdx4f5hk96msfegjhg8g2c2pq75zke2hz4g430mhzwvylmcd,Barrosão ama o cabeça de piroca,validator_rdx1s0lce50yzwnz0lgdn0hl3p4c4uxhnsla8qv5da04v6m6v2dtmuhd6z,0.00
03619e6dd1074565d893cc1741ffe31bfd1bc4e546880ba8b79f58d95c01a945d8,rv1qdseumw3qazktkynest5rllrr073h389g6yqh29hnavdjhqp49zasy45lq0,Artistizen Dividends,validator_rdx1swlfjk9vkateur8y9y4r9kh8fnta507d4x39j6h0y3hgcge8svwupc,0.00
025fb0f5e60b616ceb0dffda8c76cc580b22bacc6b9bde3ca0a487b6688f332767,rv1qf0mpa0xpdske6cdlldgcakvtq9j9wkvdwdau09q5jrmv6y0xvnkw39m4p3,#N/A,#N/A,#N/A
0374ece2e9991e9d4e72ca0b6c72cc757fb67ec4c4b217301db16c92ceb9b24dc7,rv1qd6wechfny0f6nnjeg9kcukvw4lmvlkycjepwvqak9kf9n4ekfxuw8js5l8,Zephyr Capital,validator_rdx1sdf04wxuc7c4llwst8rw5sfj350gnlnluhrpy09wk2gwk5cmvgffpy,0.00
02ba87473517a4353a413db9fa5b4a547215f7e3add5af64e56756e8a5d4931478,rv1q2agw3e4z7jr2wjp8kul5k6223eptalr4h267e89vatw3fw5jv28syag53x,√ XRD Node Runners,validator_rdx1svwrkf8anvjgwthgqzt6un35jflxlf9w0umepnz29sse90zewe75pf,0.00